Invoice ID,Branch,City,Customer type,Gender,Product line,Unit price,Quantity,Tax 5%,Total,Date,Time,Payment,cogs,gross margin percentage,gross income,Rating
189-85-7912,C,Naypyitaw,Member,Male,Fashion accessories,34.75,4,6.95,145.95,01/14/2019,20:47,Credit card,139.0,4.761905,6.95,4.8
529-38-8359,A,Yangon,Member,Male,Electronic accessories,30.94,10,15.47,324.87,01/26/2019,20:44,Credit card,309.4,4.761905,15.47,4.2
489-22-6881,C,Naypyitaw,Normal,Male,Electronic accessories,72.83,6,21.849,458.829,01/28/2019,15:06,Ewallet,436.98,4.761905,21.849,5.7
949-90-6925,B,Mandalay,Normal,Male,Fashion accessories,51.35,2,5.135,107.835,02/18/2019,11:35,Cash,102.7,4.761905,5.135,9.8
564-91-6977,C,Naypyitaw,Member,Male,Health and beauty,69.51,5,17.3775,364.9275,01/30/2019,11:24,Cash,347.55,4.761905,17.3775,9.9
267-69-7216,A,Yangon,Normal,Female,Electronic accessories,70.32,2,7.032,147.672,01/22/2019,18:46,Ewallet,140.64,4.761905,7.032,7.7
680-50-4483,B,Mandalay,Member,Female,Health and beauty,30.61,1,1.5305,32.1405,02/21/2019,14:04,Ewallet,30.61,4.761905,1.5305,8.8
698-64-7543,C,Naypyitaw,Normal,Female,Fashion accessories,51.3,5,12.825,269.325,03/13/2019,18:16,Credit card,256.5,4.761905,12.825,4.8
532-86-2040,B,Mandalay,Member,Male,Food and beverages,54.42,1,2.721,57.141,01/20/2019,20:10,Credit card,54.42,4.761905,2.721,9.2
798-78-5371,B,Mandalay,Normal,Female,Food and beverages,32.63,9,14.6835,308.3535,01/02/2019,20:46,Ewallet,293.67,4.761905,14.6835,9.2
619-23-5889,C,Naypyitaw,Normal,Male,Home and lifestyle,49.13,8,19.652,412.692,02/03/2019,18:48,Ewallet,393.04,4.761905,19.652,4.0
600-12-2832,C,Naypyitaw,Member,Male,Home and lifestyle,78.63,9,35.3835,743.0535,03/09/2019,10:38,Cash,707.67,4.761905,35.3835,9.7
878-78-3060,B,Mandalay,Normal,Male,Health and beauty,31.68,10,15.84,332.64,01/11/2019,17:52,Ewallet,316.8,4.761905,15.84,9.7
806-35-6107,A,Yangon,Normal,Male,Home and lifestyle,57.49,10,28.745,603.645,01/28/2019,18:48,Credit card,574.9,4.761905,28.745,6.5
335-85-4608,B,Mandalay,Normal,Female,Food and beverages,50.63,4,10.126,212.646,02/13/2019,10:37,Credit card,202.52,4.761905,10.126,5.3
785-72-4510,A,Yangon,Member,Male,Electronic accessories,16.07,1,0.8035,16.8735,01/10/2019,18:15,Cash,16.07,4.761905,0.8035,9.2
533-62-8651,C,Naypyitaw,Member,Female,Electronic accessories,80.62,7,28.217,592.557,01/13/2019,20:27,Cash,564.34,4.761905,28.217,5.1
649-67-3296,C,Naypyitaw,Member,Male,Health and beauty,46.24,6,13.872,291.312,01/14/2019,13:12,Ewallet,277.44,4.761905,13.872,8.8
653-11-2528,B,Mandalay,Member,Female,Sports and travel,32.48,2,3.248,68.208,03/12/2019,11:03,Credit card,64.96,4.761905,3.248,6.7
371-68-5673,A,Yangon,Member,Female,Sports and travel,53.32,7,18.662,391.902,01/22/2019,16:00,Cash,373.24,4.761905,18.662,9.4
158-16-8811,B,Mandalay,Normal,Male,Electronic accessories,36.7,1,1.835,38.535,03/11/2019,10:47,Cash,36.7,4.761905,1.835,7.5
513-25-5033,C,Naypyitaw,Member,Male,Food and beverages,17.21,3,2.5815,54.2115,01/09/2019,20:55,Ewallet,51.63,4.761905,2.5815,4.4
421-40-5351,C,Naypyitaw,Member,Male,Sports and travel,69.16,10,34.58,726.18,02/03/2019,13:42,Credit card,691.6,4.761905,34.58,7.1
650-37-9288,B,Mandalay,Member,Female,Sports and travel,38.46,2,3.846,80.766,03/21/2019,19:06,Ewallet,76.92,4.761905,3.846,4.1
726-93-9666,B,Mandalay,Member,Female,Health and beauty,89.13,6,26.739,561.519,02/26/2019,18:45,Cash,534.78,4.761905,26.739,5.7
315-53-4335,A,Yangon,Normal,Male,Electronic accessories,33.8,2,3.38,70.98,01/20/2019,14:18,Credit card,67.6,4.761905,3.38,8.5
441-26-5291,C,Naypyitaw,Normal,Female,Home and lifestyle,91.48,1,4.574,96.054,02/24/2019,14:02,Ewallet,91.48,4.761905,4.574,4.6
954-57-3426,A,Yangon,Normal,Female,Food and beverages,10.87,2,1.087,22.827,03/30/2019,12:34,Ewallet,21.74,4.761905,1.087,9.7
205-55-7658,B,Mandalay,Member,Male,Home and lifestyle,42.82,1,2.141,44.961,01/27/2019,20:15,Credit card,42.82,4.761905,2.141,9.4
901-62-5065,C,Naypyitaw,Member,Male,Electronic accessories,97.86,3,14.679,308.259,01/04/2019,12:47,Cash,293.58,4.761905,14.679,9.3
328-13-4164,B,Mandalay,Member,Male,Sports and travel,88.5,8,35.4,743.4,02/28/2019,15:19,Ewallet,708.0,4.761905,35.4,5.3
439-13-2889,B,Mandalay,Normal,Female,Health and beauty,97.02,5,24.255,509.355,03/07/2019,16:43,Credit card,485.1,4.761905,24.255,6.1
218-59-4114,B,Mandalay,Member,Female,Health and beauty,19.76,7,6.916,145.236,02/10/2019,16:38,Credit card,138.32,4.761905,6.916,6.1
171-95-6409,B,Mandalay,Member,Female,Health and beauty,56.79,9,25.5555,536.6655,03/27/2019,13:23,Cash,511.11,4.761905,25.5555,8.1
402-80-3085,C,Naypyitaw,Normal,Male,Fashion accessories,91.0,9,40.95,859.95,02/22/2019,15:25,Credit card,819.0,4.761905,40.95,5.9
411-46-4443,A,Yangon,Normal,Female,Fashion accessories,77.33,3,11.5995,243.5895,02/08/2019,16:35,Ewallet,231.99,4.761905,11.5995,7.7
627-94-6491,B,Mandalay,Normal,Female,Sports and travel,49.79,4,9.958,209.118,01/22/2019,20:05,Cash,199.16,4.761905,9.958,7.1
566-63-4185,A,Yangon,Member,Female,Electronic accessories,82.59,3,12.3885,260.1585,02/01/2019,17:39,Ewallet,247.77,4.761905,12.3885,4.1
923-99-9486,C,Naypyitaw,Normal,Female,Sports and travel,31.96,1,1.598,33.558,01/14/2019,16:14,Ewallet,31.96,4.761905,1.598,9.4
727-74-7991,B,Mandalay,Member,Male,Health and beauty,51.08,8,20.432,429.072,03/13/2019,19:20,Cash,408.64,4.761905,20.432,8.0
596-90-4919,C,Naypyitaw,Normal,Male,Fashion accessories,87.53,8,35.012,735.252,02/01/2019,20:17,Credit card,700.24,4.761905,35.012,5.6
336-59-3503,B,Mandalay,Normal,Male,Fashion accessories,35.72,5,8.93,187.53,03/11/2019,11:08,Ewallet,178.6,4.761905,8.93,6.0
498-84-1320,C,Naypyitaw,Member,Male,Sports and travel,46.68,9,21.006,441.126,01/08/2019,13:53,Cash,420.12,4.761905,21.006,6.8
659-87-4613,C,Naypyitaw,Normal,Female,Health and beauty,94.85,5,23.7125,497.9625,02/23/2019,18:47,Credit card,474.25,4.761905,23.7125,8.5
960-69-3091,B,Mandalay,Member,Female,Sports and travel,53.71,7,18.7985,394.7685,03/28/2019,16:46,Ewallet,375.97,4.761905,18.7985,6.0
286-16-5262,C,Naypyitaw,Member,Female,Food and beverages,60.8,1,3.04,63.84,02/24/2019,12:55,Cash,60.8,4.761905,3.04,4.5
581-12-9837,B,Mandalay,Normal,Male,Sports and travel,39.42,7,13.797,289.737,02/23/2019,14:53,Ewallet,275.94,4.761905,13.797,5.7
736-29-4908,A,Yangon,Normal,Male,Fashion accessories,16.18,1,0.809,16.989,02/01/2019,13:53,Ewallet,16.18,4.761905,0.809,8.5
865-24-3683,A,Yangon,Normal,Male,Food and beverages,95.3,8,38.12,800.52,02/17/2019,12:38,Credit card,762.4,4.761905,38.12,8.2
950-90-4978,B,Mandalay,Member,Male,Home and lifestyle,61.82,7,21.637,454.377,01/26/2019,11:37,Credit card,432.74,4.761905,21.637,6.4
763-53-1207,A,Yangon,Normal,Male,Food and beverages,80.44,6,24.132,506.772,03/26/2019,15:04,Credit card,482.64,4.761905,24.132,7.2
766-44-9817,B,Mandalay,Normal,Male,Sports and travel,96.47,8,38.588,810.348,02/25/2019,12:46,Credit card,771.76,4.761905,38.588,8.2
349-69-7209,B,Mandalay,Normal,Female,Fashion accessories,63.32,6,18.996,398.916,01/12/2019,14:56,Cash,379.92,4.761905,18.996,9.1
818-45-1166,B,Mandalay,Member,Female,Home and lifestyle,26.37,4,5.274,110.754,02/03/2019,15:17,Credit card,105.48,4.761905,5.274,6.1
602-67-1282,C,Naypyitaw,Member,Male,Electronic accessories,74.81,8,29.924,628.404,01/31/2019,17:41,Credit card,598.48,4.761905,29.924,7.3
452-64-6419,A,Yangon,Normal,Male,Sports and travel,72.26,5,18.065,379.365,02/17/2019,17:35,Credit card,361.3,4.761905,18.065,8.0
880-98-4033,B,Mandalay,Normal,Female,Home and lifestyle,32.63,2,3.263,68.523,02/10/2019,11:47,Credit card,65.26,4.761905,3.263,8.3
469-32-5952,A,Yangon,Member,Female,Home and lifestyle,75.21,9,33.8445,710.7345,01/13/2019,13:18,Ewallet,676.89,4.761905,33.8445,7.6
205-11-5658,A,Yangon,Member,Female,Health and beauty,97.69,9,43.9605,923.1705,01/17/2019,20:55,Cash,879.21,4.761905,43.9605,5.8
510-72-2213,B,Mandalay,Normal,Female,Home and lifestyle,26.59,1,1.3295,27.9195,03/03/2019,11:52,Ewallet,26.59,4.761905,1.3295,5.5
720-86-4697,C,Naypyitaw,Member,Male,Electronic accessories,83.0,5,20.75,435.75,02/01/2019,11:35,Cash,415.0,4.761905,20.75,4.5
724-22-4404,C,Naypyitaw,Normal,Female,Sports and travel,36.76,10,18.38,385.98,02/09/2019,19:39,Ewallet,367.6,4.761905,18.38,9.9
561-98-8699,C,Naypyitaw,Member,Female,Fashion accessories,17.31,4,3.462,72.702,01/10/2019,12:00,Cash,69.24,4.761905,3.462,5.0
703-94-4241,B,Mandalay,Member,Male,Home and lifestyle,73.63,8,29.452,618.492,01/30/2019,14:50,Credit card,589.04,4.761905,29.452,4.4
709-82-5728,B,Mandalay,Member,Male,Fashion accessories,23.41,5,5.8525,122.9025,01/10/2019,10:10,Cash,117.05,4.761905,5.8525,9.0
182-86-1653,B,Mandalay,Member,Female,Fashion accessories,37.37,7,13.0795,274.6695,03/06/2019,18:31,Cash,261.59,4.761905,13.0795,9.7
690-15-3870,B,Mandalay,Normal,Female,Health and beauty,18.22,10,9.11,191.31,01/03/2019,20:52,Cash,182.2,4.761905,9.11,7.5
518-52-6260,B,Mandalay,Normal,Female,Electronic accessories,99.73,7,34.9055,733.0155,03/04/2019,11:30,Cash,698.11,4.761905,34.9055,7.8
190-50-5135,C,Naypyitaw,Member,Male,Home and lifestyle,47.05,8,18.82,395.22,02/21/2019,18:02,Cash,376.4,4.761905,18.82,5.7
292-76-6927,B,Mandalay,Member,Female,Food and beverages,84.24,1,4.212,88.452,03/11/2019,17:26,Ewallet,84.24,4.761905,4.212,7.9
596-25-1472,C,Naypyitaw,Normal,Female,Health and beauty,28.32,9,12.744,267.624,02/06/2019,17:56,Credit card,254.88,4.761905,12.744,4.8
763-29-9165,C,Naypyitaw,Member,Male,Home and lifestyle,59.58,9,26.811,563.031,01/29/2019,11:29,Ewallet,536.22,4.761905,26.811,6.4
713-75-3236,C,Naypyitaw,Normal,Female,Sports and travel,85.13,8,34.052,715.092,03/12/2019,12:24,Ewallet,681.04,4.761905,34.052,5.5
957-85-9022,A,Yangon,Normal,Female,Home and lifestyle,94.08,9,42.336,889.056,01/01/2019,14:46,Cash,846.72,4.761905,42.336,5.6
685-59-4826,A,Yangon,Normal,Female,Home and lifestyle,39.92,9,17.964,377.244,02/11/2019,13:44,Ewallet,359.28,4.761905,17.964,6.3
137-26-9229,B,Mandalay,Member,Female,Fashion accessories,52.57,7,18.3995,386.3895,03/26/2019,20:09,Cash,367.99,4.761905,18.3995,6.3
258-19-8692,C,Naypyitaw,Normal,Male,Sports and travel,18.97,8,7.588,159.348,01/19/2019,16:55,Credit card,151.76,4.761905,7.588,4.1
835-72-9864,B,Mandalay,Normal,Female,Fashion accessories,17.23,6,5.169,108.549,03/10/2019,16:20,Credit card,103.38,4.761905,5.169,9.1
820-22-8269,A,Yangon,Member,Male,Fashion accessories,71.6,5,17.9,375.9,01/12/2019,16:06,Credit card,358.0,4.761905,17.9,10.0
643-62-3950,A,Yangon,Normal,Male,Health and beauty,39.19,1,1.9595,41.1495,02/17/2019,16:09,Ewallet,39.19,4.761905,1.9595,5.8
572-91-5161,A,Yangon,Member,Male,Food and beverages,88.38,10,44.19,927.99,03/05/2019,19:09,Ewallet,883.8,4.761905,44.19,8.1
754-64-5097,B,Mandalay,Normal,Male,Sports and travel,91.11,9,40.9995,860.9895,02/26/2019,15:37,Cash,819.99,4.761905,40.9995,4.9
816-47-1359,B,Mandalay,Normal,Male,Sports and travel,86.8,2,8.68,182.28,03/15/2019,15:36,Cash,173.6,4.761905,8.68,5.4
721-55-4588,C,Naypyitaw,Normal,Female,Health and beauty,60.93,1,3.0465,63.9765,03/05/2019,14:49,Ewallet,60.93,4.761905,3.0465,9.5
907-66-1546,C,Naypyitaw,Member,Female,Fashion accessories,78.0,3,11.7,245.7,03/22/2019,20:02,Cash,234.0,4.761905,11.7,7.8
997-56-9697,C,Naypyitaw,Normal,Male,Health and beauty,91.87,6,27.561,578.781,01/23/2019,13:08,Credit card,551.22,4.761905,27.561,8.5
579-19-3306,C,Naypyitaw,Normal,Male,Home and lifestyle,92.26,8,36.904,774.984,02/07/2019,15:51,Ewallet,738.08,4.761905,36.904,9.8
866-96-5295,A,Yangon,Normal,Female,Health and beauty,81.16,1,4.058,85.218,01/16/2019,17:23,Credit card,81.16,4.761905,4.058,5.6
326-92-2035,C,Naypyitaw,Normal,Female,Health and beauty,70.74,8,28.296,594.216,03/13/2019,15:58,Credit card,565.92,4.761905,28.296,4.2
199-40-9807,C,Naypyitaw,Normal,Female,Fashion accessories,46.75,3,7.0125,147.2625,01/05/2019,14:31,Ewallet,140.25,4.761905,7.0125,4.3
953-72-7686,A,Yangon,Normal,Female,Home and lifestyle,70.34,9,31.653,664.713,01/20/2019,16:41,Ewallet,633.06,4.761905,31.653,6.5
760-55-1992,B,Mandalay,Member,Female,Electronic accessories,49.9,4,9.98,209.58,01/13/2019,20:23,Credit card,199.6,4.761905,9.98,9.1
121-16-6464,B,Mandalay,Normal,Male,Health and beauty,95.41,8,38.164,801.444,01/28/2019,20:40,Credit card,763.28,4.761905,38.164,4.6
907-86-1046,A,Yangon,Member,Male,Health and beauty,84.68,9,38.106,800.226,01/28/2019,13:21,Ewallet,762.12,4.761905,38.106,5.2
908-40-6304,B,Mandalay,Member,Male,Food and beverages,32.56,3,4.884,102.564,01/04/2019,12:00,Cash,97.68,4.761905,4.884,4.7
625-85-2786,A,Yangon,Member,Female,Health and beauty,21.41,7,7.4935,157.3635,01/09/2019,17:28,Cash,149.87,4.761905,7.4935,7.2
967-61-7984,B,Mandalay,Member,Male,Fashion accessories,80.49,9,36.2205,760.6305,03/24/2019,10:03,Cash,724.41,4.761905,36.2205,5.8
229-45-9984,C,Naypyitaw,Member,Female,Fashion accessories,91.87,2,9.187,192.927,02/11/2019,19:09,Ewallet,183.74,4.761905,9.187,9.4
217-93-4522,C,Naypyitaw,Normal,Female,Food and beverages,57.75,8,23.1,485.1,02/25/2019,11:50,Credit card,462.0,4.761905,23.1,7.0
781-42-7132,B,Mandalay,Normal,Male,Sports and travel,40.5,8,16.2,340.2,01/13/2019,15:27,Cash,324.0,4.761905,16.2,6.4
700-81-6400,A,Yangon,Normal,Male,Health and beauty,84.86,2,8.486,178.206,02/17/2019,12:35,Ewallet,169.72,4.761905,8.486,6.6
460-23-9313,C,Naypyitaw,Member,Female,Home and lifestyle,88.62,7,31.017,651.357,01/07/2019,14:38,Cash,620.34,4.761905,31.017,9.2
687-38-8030,A,Yangon,Member,Female,Electronic accessories,86.25,6,25.875,543.375,02/17/2019,11:48,Cash,517.5,4.761905,25.875,9.1
679-94-7566,C,Naypyitaw,Member,Female,Health and beauty,26.24,5,6.56,137.76,02/14/2019,10:11,Ewallet,131.2,4.761905,6.56,9.5
419-51-2391,A,Yangon,Member,Male,Health and beauty,77.15,4,15.43,324.03,02/28/2019,15:10,Cash,308.6,4.761905,15.43,6.3
552-63-5475,A,Yangon,Member,Male,Food and beverages,14.48,2,1.448,30.408,03/26/2019,16:31,Credit card,28.96,4.761905,1.448,5.6
504-86-1897,A,Yangon,Member,Female,Sports and travel,19.98,10,9.99,209.79,03/27/2019,14:02,Ewallet,199.8,4.761905,9.99,6.9
540-32-3116,A,Yangon,Member,Female,Electronic accessories,79.06,5,19.765,415.065,01/16/2019,10:31,Credit card,395.3,4.761905,19.765,5.7
689-64-7626,B,Mandalay,Member,Female,Health and beauty,45.74,1,2.287,48.027,02/28/2019,11:55,Cash,45.74,4.761905,2.287,6.6
470-21-8155,C,Naypyitaw,Normal,Female,Health and beauty,46.45,6,13.935,292.635,03/21/2019,17:53,Credit card,278.7,4.761905,13.935,5.0
897-31-2251,A,Yangon,Member,Female,Food and beverages,46.04,2,4.604,96.684,02/09/2019,15:14,Cash,92.08,4.761905,4.604,6.4
716-29-2234,C,Naypyitaw,Member,Male,Home and lifestyle,41.6,3,6.24,131.04,01/19/2019,14:12,Ewallet,124.8,4.761905,6.24,5.4
430-90-6179,A,Yangon,Normal,Female,Food and beverages,78.39,8,31.356,658.476,03/14/2019,20:40,Credit card,627.12,4.761905,31.356,8.1
175-49-8565,A,Yangon,Normal,Male,Sports and travel,49.8,5,12.45,261.45,03/17/2019,10:22,Credit card,249.0,4.761905,12.45,8.8
493-69-1672,B,Mandalay,Member,Male,Home and lifestyle,84.85,2,8.485,178.185,01/12/2019,19:38,Credit card,169.7,4.761905,8.485,7.9
831-20-9266,B,Mandalay,Member,Female,Food and beverages,52.81,3,7.9215,166.3515,02/27/2019,11:51,Cash,158.43,4.761905,7.9215,9.7
389-59-7697,C,Naypyitaw,Member,Male,Electronic accessories,73.69,8,29.476,618.996,03/20/2019,12:23,Cash,589.52,4.761905,29.476,7.1
717-29-6461,B,Mandalay,Member,Female,Health and beauty,39.67,9,17.8515,374.8815,02/06/2019,14:46,Credit card,357.03,4.761905,17.8515,8.1
758-52-3093,A,Yangon,Member,Female,Home and lifestyle,97.09,7,33.9815,713.6115,01/11/2019,14:35,Cash,679.63,4.761905,33.9815,4.8
296-38-3253,C,Naypyitaw,Member,Female,Food and beverages,42.56,6,12.768,268.128,01/28/2019,15:49,Cash,255.36,4.761905,12.768,5.9
997-89-3147,A,Yangon,Member,Female,Health and beauty,55.69,9,25.0605,526.2705,03/09/2019,10:42,Cash,501.21,4.761905,25.0605,9.0
473-96-4891,C,Naypyitaw,Normal,Male,Electronic accessories,26.28,10,13.14,275.94,01/22/2019,17:02,Cash,262.8,4.761905,13.14,8.9
684-66-8564,B,Mandalay,Normal,Female,Electronic accessories,58.06,5,14.515,304.815,03/02/2019,13:23,Credit card,290.3,4.761905,14.515,9.8
995-57-2680,B,Mandalay,Normal,Female,Electronic accessories,83.52,10,41.76,876.96,02/02/2019,10:41,Cash,835.2,4.761905,41.76,4.8
193-38-8391,C,Naypyitaw,Member,Female,Health and beauty,78.68,5,19.67,413.07,03/07/2019,12:53,Cash,393.4,4.761905,19.67,6.7
426-22-6493,B,Mandalay,Member,Female,Health and beauty,45.68,6,13.704,287.784,01/11/2019,15:14,Ewallet,274.08,4.761905,13.704,5.4
105-20-1311,A,Yangon,Member,Male,Home and lifestyle,92.57,8,37.028,777.588,01/18/2019,17:28,Credit card,740.56,4.761905,37.028,8.2
224-16-4906,B,Mandalay,Member,Male,Food and beverages,94.62,10,47.31,993.51,01/15/2019,14:15,Cash,946.2,4.761905,47.31,7.2
347-28-5772,B,Mandalay,Normal,Male,Health and beauty,85.3,8,34.12,716.52,01/03/2019,20:32,Credit card,682.4,4.761905,34.12,7.6
638-79-9312,B,Mandalay,Member,Female,Electronic accessories,61.36,3,9.204,193.284,01/11/2019,18:23,Ewallet,184.08,4.761905,9.204,8.0
453-40-2698,C,Naypyitaw,Member,Female,Sports and travel,13.92,7,4.872,102.312,02/02/2019,10:22,Ewallet,97.44,4.761905,4.872,9.9
590-90-3986,C,Naypyitaw,Normal,Male,Health and beauty,41.71,6,12.513,262.773,01/23/2019,20:29,Credit card,250.26,4.761905,12.513,8.9
627-60-9897,A,Yangon,Member,Female,Health and beauty,36.41,1,1.8205,38.2305,01/06/2019,15:59,Cash,36.41,4.761905,1.8205,8.7
227-57-8159,B,Mandalay,Normal,Male,Fashion accessories,27.2,6,8.16,171.36,01/07/2019,20:21,Cash,163.2,4.761905,8.16,9.2
844-64-2293,B,Mandalay,Normal,Female,Home and lifestyle,97.64,8,39.056,820.176,02/17/2019,18:17,Ewallet,781.12,4.761905,39.056,8.2
536-31-8272,B,Mandalay,Member,Female,Home and lifestyle,19.23,6,5.769,121.149,02/09/2019,17:38,Credit card,115.38,4.761905,5.769,8.0
176-95-7655,B,Mandalay,Normal,Male,Fashion accessories,88.3,6,26.49,556.29,02/25/2019,14:40,Ewallet,529.8,4.761905,26.49,7.7
475-56-7272,B,Mandalay,Member,Male,Electronic accessories,86.38,8,34.552,725.592,01/09/2019,13:49,Credit card,691.04,4.761905,34.552,4.2
475-60-6150,C,Naypyitaw,Member,Male,Fashion accessories,50.49,6,15.147,318.087,01/10/2019,19:08,Credit card,302.94,4.761905,15.147,6.2
893-43-8311,C,Naypyitaw,Normal,Male,Health and beauty,12.33,3,1.8495,38.8395,02/19/2019,18:07,Cash,36.99,4.761905,1.8495,7.0
965-50-6692,A,Yangon,Normal,Female,Electronic accessories,21.04,2,2.104,44.184,02/26/2019,11:51,Credit card,42.08,4.761905,2.104,6.7
911-27-4878,C,Naypyitaw,Member,Female,Home and lifestyle,86.62,3,12.993,272.853,03/07/2019,13:07,Ewallet,259.86,4.761905,12.993,8.8
167-49-7523,B,Mandalay,Member,Female,Food and beverages,61.5,8,24.6,516.6,03/12/2019,12:39,Ewallet,492.0,4.761905,24.6,8.8
577-97-9476,C,Naypyitaw,Normal,Female,Sports and travel,84.1,2,8.41,176.61,02/10/2019,20:04,Cash,168.2,4.761905,8.41,4.8
265-51-4694,B,Mandalay,Member,Male,Electronic accessories,48.94,1,2.447,51.387,03/08/2019,12:19,Ewallet,48.94,4.761905,2.447,9.0
195-74-3762,B,Mandalay,Normal,Male,Home and lifestyle,27.67,9,12.4515,261.4815,03/22/2019,14:39,Credit card,249.03,4.761905,12.4515,5.6
183-15-5336,C,Naypyitaw,Member,Male,Fashion accessories,66.2,10,33.1,695.1,03/14/2019,10:52,Ewallet,662.0,4.761905,33.1,6.0
594-41-7653,C,Naypyitaw,Member,Female,Food and beverages,67.51,8,27.004,567.084,03/11/2019,14:41,Cash,540.08,4.761905,27.004,9.3
247-50-6231,B,Mandalay,Normal,Male,Fashion accessories,15.39,8,6.156,129.276,03/01/2019,13:21,Credit card,123.12,4.761905,6.156,6.5
373-67-5061,C,Naypyitaw,Normal,Female,Electronic accessories,78.46,9,35.307,741.447,02/10/2019,13:29,Ewallet,706.14,4.761905,35.307,7.4
838-50-4110,A,Yangon,Member,Male,Home and lifestyle,95.08,10,47.54,998.34,01/21/2019,15:59,Credit card,950.8,4.761905,47.54,6.5
320-84-6781,A,Yangon,Normal,Female,Sports and travel,89.12,8,35.648,748.608,02/20/2019,18:29,Ewallet,712.96,4.761905,35.648,4.1
370-56-7606,A,Yangon,Member,Female,Sports and travel,63.78,8,25.512,535.752,01/02/2019,11:27,Ewallet,510.24,4.761905,25.512,5.7
561-80-5582,B,Mandalay,Member,Female,Health and beauty,61.33,4,12.266,257.586,02/06/2019,11:24,Credit card,245.32,4.761905,12.266,6.2
621-61-9193,C,Naypyitaw,Member,Male,Health and beauty,45.45,6,13.635,286.335,02/16/2019,12:12,Credit card,272.7,4.761905,13.635,7.3
243-51-6218,A,Yangon,Member,Male,Electronic accessories,74.22,8,29.688,623.448,01/20/2019,19:57,Credit card,593.76,4.761905,29.688,7.1
477-52-2795,A,Yangon,Normal,Female,Food and beverages,40.27,9,18.1215,380.5515,03/14/2019,14:30,Ewallet,362.43,4.761905,18.1215,7.2
636-90-7229,B,Mandalay,Normal,Male,Food and beverages,52.71,10,26.355,553.455,01/07/2019,19:30,Ewallet,527.1,4.761905,26.355,7.5
522-98-4340,A,Yangon,Member,Male,Food and beverages,95.34,2,9.534,200.214,02/26/2019,15:26,Ewallet,190.68,4.761905,9.534,5.1
421-32-8531,B,Mandalay,Normal,Male,Fashion accessories,22.43,4,4.486,94.206,03/26/2019,17:33,Cash,89.72,4.761905,4.486,7.4
405-38-5876,C,Naypyitaw,Normal,Female,Fashion accessories,79.48,5,19.87,417.27,01/25/2019,13:17,Credit card,397.4,4.761905,19.87,7.7
792-79-7220,B,Mandalay,Member,Female,Home and lifestyle,53.18,9,23.931,502.551,02/05/2019,14:07,Credit card,478.62,4.761905,23.931,9.6
590-37-4310,B,Mandalay,Normal,Male,Home and lifestyle,13.79,2,1.379,28.959,02/26/2019,20:16,Credit card,27.58,4.761905,1.379,6.1
331-91-4814,C,Naypyitaw,Normal,Female,Electronic accessories,19.83,10,9.915,208.215,01/07/2019,20:57,Credit card,198.3,4.761905,9.915,5.4
516-93-8793,A,Yangon,Member,Female,Home and lifestyle,74.56,2,7.456,156.576,01/18/2019,10:35,Ewallet,149.12,4.761905,7.456,8.1
647-14-3868,B,Mandalay,Member,Female,Home and lifestyle,35.69,1,1.7845,37.4745,01/12/2019,20:36,Ewallet,35.69,4.761905,1.7845,9.4
681-87-2758,B,Mandalay,Member,Male,Sports and travel,80.92,3,12.138,254.898,02/07/2019,10:00,Cash,242.76,4.761905,12.138,9.6
297-24-6417,B,Mandalay,Normal,Female,Fashion accessories,58.9,8,23.56,494.76,01/18/2019,18:29,Cash,471.2,4.761905,23.56,9.3
279-88-7643,A,Yangon,Normal,Female,Fashion accessories,26.76,6,8.028,168.588,03/14/2019,20:48,Ewallet,160.56,4.761905,8.028,8.7
106-43-7284,B,Mandalay,Normal,Male,Sports and travel,70.23,3,10.5345,221.2245,03/03/2019,15:59,Ewallet,210.69,4.761905,10.5345,9.9
163-95-2936,A,Yangon,Normal,Female,Home and lifestyle,37.18,10,18.59,390.39,03/25/2019,15:44,Ewallet,371.8,4.761905,18.59,4.1
326-38-3188,B,Mandalay,Normal,Male,Sports and travel,71.75,5,17.9375,376.6875,03/23/2019,14:23,Credit card,358.75,4.761905,17.9375,8.1
921-95-4578,B,Mandalay,Member,Female,Fashion accessories,99.0,6,29.7,623.7,03/12/2019,17:48,Credit card,594.0,4.761905,29.7,6.5
617-35-9792,A,Yangon,Member,Female,Food and beverages,73.34,2,7.334,154.014,01/15/2019,10:53,Credit card,146.68,4.761905,7.334,9.5
556-17-8429,A,Yangon,Member,Female,Food and beverages,49.77,4,9.954,209.034,03/04/2019,11:57,Credit card,199.08,4.761905,9.954,8.3
936-10-4570,A,Yangon,Normal,Female,Food and beverages,15.2,8,6.08,127.68,02/09/2019,10:25,Cash,121.6,4.761905,6.08,8.0
132-46-7698,C,Naypyitaw,Member,Male,Sports and travel,41.01,2,4.101,86.121,01/08/2019,11:59,Cash,82.02,4.761905,4.101,7.2
777-79-3178,A,Yangon,Member,Female,Home and lifestyle,99.36,7,34.776,730.296,02/18/2019,16:05,Credit card,695.52,4.761905,34.776,6.7
405-69-9920,C,Naypyitaw,Normal,Male,Electronic accessories,99.36,7,34.776,730.296,01/29/2019,10:48,Ewallet,695.52,4.761905,34.776,7.2
529-88-1256,B,Mandalay,Normal,Male,Electronic accessories,51.46,3,7.719,162.099,01/15/2019,10:51,Credit card,154.38,4.761905,7.719,5.7
511-66-4839,A,Yangon,Member,Male,Health and beauty,63.45,8,25.38,532.98,01/07/2019,13:47,Ewallet,507.6,4.761905,25.38,7.6
891-96-6253,C,Naypyitaw,Member,Male,Electronic accessories,55.35,5,13.8375,290.5875,03/15/2019,15:36,Credit card,276.75,4.761905,13.8375,5.4
279-90-7999,A,Yangon,Normal,Male,Fashion accessories,56.91,7,19.9185,418.2885,01/08/2019,18:37,Credit card,398.37,4.761905,19.9185,5.8
407-58-4012,C,Naypyitaw,Normal,Male,Home and lifestyle,94.74,7,33.159,696.339,02/10/2019,16:26,Ewallet,663.18,4.761905,33.159,8.7
670-77-3196,C,Naypyitaw,Normal,Male,Electronic accessories,37.07,3,5.5605,116.7705,01/08/2019,18:26,Cash,111.21,4.761905,5.5605,8.8
949-34-1844,B,Mandalay,Member,Female,Electronic accessories,39.72,2,3.972,83.412,02/17/2019,11:34,Credit card,79.44,4.761905,3.972,9.5
990-52-5967,B,Mandalay,Normal,Male,Health and beauty,26.93,10,13.465,282.765,03/13/2019,13:30,Ewallet,269.3,4.761905,13.465,8.3
506-40-6269,A,Yangon,Member,Male,Fashion accessories,20.56,8,8.224,172.704,03/31/2019,19:45,Ewallet,164.48,4.761905,8.224,9.5
922-70-6246,B,Mandalay,Normal,Female,Food and beverages,68.38,5,17.095,358.995,03/07/2019,17:29,Ewallet,341.9,4.761905,17.095,5.6
693-63-5836,A,Yangon,Normal,Female,Sports and travel,14.11,4,2.822,59.262,01/03/2019,14:35,Credit card,56.44,4.761905,2.822,8.4
881-72-9037,A,Yangon,Member,Female,Electronic accessories,44.19,4,8.838,185.598,03/25/2019,20:21,Cash,176.76,4.761905,8.838,7.0
134-19-1794,B,Mandalay,Member,Female,Electronic accessories,22.6,9,10.17,213.57,03/11/2019,20:03,Credit card,203.4,4.761905,10.17,6.9
732-91-8916,A,Yangon,Normal,Male,Fashion accessories,30.83,3,4.6245,97.1145,03/06/2019,17:23,Ewallet,92.49,4.761905,4.6245,4.1
117-74-8054,C,Naypyitaw,Normal,Male,Health and beauty,57.9,7,20.265,425.565,03/09/2019,14:34,Cash,405.3,4.761905,20.265,4.1
180-57-7652,A,Yangon,Member,Male,Food and beverages,23.4,4,4.68,98.28,02/02/2019,15:17,Cash,93.6,4.761905,4.68,7.7
488-58-8798,B,Mandalay,Member,Male,Home and lifestyle,71.56,2,7.156,150.276,03/25/2019,10:05,Cash,143.12,4.761905,7.156,7.9
640-15-4764,A,Yangon,Member,Male,Health and beauty,54.99,7,19.2465,404.1765,02/12/2019,19:54,Ewallet,384.93,4.761905,19.2465,7.9
970-50-1256,A,Yangon,Normal,Female,Health and beauty,93.17,5,23.2925,489.1425,03/14/2019,20:02,Ewallet,465.85,4.761905,23.2925,9.4
439-59-3292,A,Yangon,Member,Female,Health and beauty,36.93,10,18.465,387.765,02/19/2019,20:57,Credit card,369.3,4.761905,18.465,5.4
709-60-6347,C,Naypyitaw,Member,Female,Health and beauty,18.79,4,3.758,78.918,02/13/2019,19:49,Credit card,75.16,4.761905,3.758,9.0
776-58-2404,A,Yangon,Normal,Female,Sports and travel,30.53,9,13.7385,288.5085,02/25/2019,12:43,Credit card,274.77,4.761905,13.7385,9.6
424-56-2745,C,Naypyitaw,Normal,Male,Fashion accessories,16.62,5,4.155,87.255,03/23/2019,12:47,Cash,83.1,4.761905,4.155,4.9
670-81-9395,A,Yangon,Member,Female,Sports and travel,42.39,5,10.5975,222.5475,01/12/2019,12:27,Cash,211.95,4.761905,10.5975,4.6
523-59-2387,B,Mandalay,Member,Male,Health and beauty,41.85,2,4.185,87.885,02/11/2019,16:00,Cash,83.7,4.761905,4.185,7.6
271-65-5521,C,Naypyitaw,Member,Male,Fashion accessories,44.27,3,6.6405,139.4505,02/04/2019,17:09,Ewallet,132.81,4.761905,6.6405,5.6
568-23-3219,B,Mandalay,Normal,Female,Health and beauty,42.5,4,8.5,178.5,03/05/2019,19:39,Ewallet,170.0,4.761905,8.5,8.3
935-93-3230,B,Mandalay,Member,Female,Home and lifestyle,85.75,7,30.0125,630.2625,02/12/2019,17:21,Cash,600.25,4.761905,30.0125,8.8
900-41-6339,B,Mandalay,Normal,Male,Sports and travel,38.28,7,13.398,281.358,02/07/2019,20:31,Credit card,267.96,4.761905,13.398,9.8
127-69-4434,B,Mandalay,Normal,Female,Home and lifestyle,20.25,10,10.125,212.625,03/11/2019,12:43,Credit card,202.5,4.761905,10.125,5.2
832-64-7176,B,Mandalay,Normal,Male,Sports and travel,70.57,3,10.5855,222.2955,01/31/2019,14:42,Ewallet,211.71,4.761905,10.5855,7.8
909-56-9796,A,Yangon,Normal,Female,Food and beverages,46.07,9,20.7315,435.3615,03/30/2019,16:34,Ewallet,414.63,4.761905,20.7315,9.5
793-92-7547,C,Naypyitaw,Member,Male,Electronic accessories,69.18,6,20.754,435.834,03/20/2019,10:36,Credit card,415.08,4.761905,20.754,5.0
689-38-8303,B,Mandalay,Normal,Male,Health and beauty,18.87,4,3.774,79.254,03/08/2019,18:37,Credit card,75.48,4.761905,3.774,7.1
525-20-2901,B,Mandalay,Normal,Female,Fashion accessories,62.97,9,28.3365,595.0665,01/04/2019,17:06,Cash,566.73,4.761905,28.3365,4.9
839-99-8412,C,Naypyitaw,Member,Female,Home and lifestyle,40.88,4,8.176,171.696,02/14/2019,17:06,Cash,163.52,4.761905,8.176,7.1
919-31-4996,B,Mandalay,Member,Female,Health and beauty,82.92,2,8.292,174.132,02/13/2019,20:06,Credit card,165.84,4.761905,8.292,4.1
755-94-8080,C,Naypyitaw,Member,Male,Home and lifestyle,60.39,8,24.156,507.276,02/21/2019,20:11,Ewallet,483.12,4.761905,24.156,5.4
928-18-2667,B,Mandalay,Member,Male,Sports and travel,63.3,7,22.155,465.255,01/28/2019,13:17,Credit card,443.1,4.761905,22.155,4.0
711-59-7431,C,Naypyitaw,Member,Female,Home and lifestyle,27.74,2,2.774,58.254,03/04/2019,18:40,Cash,55.48,4.761905,2.774,5.6
704-20-3194,C,Naypyitaw,Member,Female,Home and lifestyle,86.1,10,43.05,904.05,03/28/2019,14:58,Credit card,861.0,4.761905,43.05,5.0
241-83-7286,B,Mandalay,Member,Male,Home and lifestyle,20.53,6,6.159,129.339,03/07/2019,16:26,Credit card,123.18,4.761905,6.159,8.2
422-67-1878,B,Mandalay,Member,Female,Fashion accessories,58.36,3,8.754,183.834,03/04/2019,14:08,Ewallet,175.08,4.761905,8.754,7.3
801-72-7809,B,Mandalay,Member,Female,Electronic accessories,27.56,7,9.646,202.566,03/06/2019,20:31,Cash,192.92,4.761905,9.646,9.8
330-78-5729,C,Naypyitaw,Normal,Female,Electronic accessories,17.44,1,0.872,18.312,01/29/2019,14:02,Cash,17.44,4.761905,0.872,8.8
878-66-9951,A,Yangon,Normal,Female,Food and beverages,55.97,10,27.985,587.685,03/11/2019,15:34,Ewallet,559.7,4.761905,27.985,4.7
982-21-8193,A,Yangon,Normal,Male,Fashion accessories,84.71,4,16.942,355.782,01/05/2019,17:16,Cash,338.84,4.761905,16.942,5.8
730-27-4385,A,Yangon,Member,Male,Fashion accessories,62.91,6,18.873,396.333,03/20/2019,20:27,Ewallet,377.46,4.761905,18.873,9.2
978-75-2560,A,Yangon,Member,Female,Food and beverages,35.3,9,15.885,333.585,02/07/2019,14:36,Cash,317.7,4.761905,15.885,5.0
429-41-7434,A,Yangon,Normal,Male,Home and lifestyle,88.03,3,13.2045,277.2945,01/17/2019,13:09,Credit card,264.09,4.761905,13.2045,8.2
384-98-7046,B,Mandalay,Member,Female,Fashion accessories,47.28,8,18.912,397.152,01/12/2019,16:32,Credit card,378.24,4.761905,18.912,4.5
466-18-9756,B,Mandalay,Normal,Female,Food and beverages,10.22,2,1.022,21.462,02/28/2019,20:42,Credit card,20.44,4.761905,1.022,8.4
679-72-6631,B,Mandalay,Member,Female,Electronic accessories,54.52,6,16.356,343.476,02/13/2019,18:36,Ewallet,327.12,4.761905,16.356,9.0
538-35-3161,C,Naypyitaw,Member,Male,Health and beauty,66.36,8,26.544,557.424,01/21/2019,17:29,Ewallet,530.88,4.761905,26.544,4.1
269-16-7493,C,Naypyitaw,Normal,Male,Home and lifestyle,18.4,6,5.52,115.92,02/17/2019,20:57,Credit card,110.4,4.761905,5.52,5.5
331-76-8291,C,Naypyitaw,Normal,Male,Sports and travel,68.99,2,6.899,144.879,03/03/2019,11:08,Credit card,137.98,4.761905,6.899,4.0
191-23-2690,A,Yangon,Member,Female,Health and beauty,98.93,7,34.6255,727.1355,03/03/2019,11:14,Cash,692.51,4.761905,34.6255,8.2
676-11-3688,B,Mandalay,Normal,Female,Electronic accessories,44.44,3,6.666,139.986,03/28/2019,12:04,Credit card,133.32,4.761905,6.666,7.8
243-25-7291,B,Mandalay,Normal,Male,Fashion accessories,77.34,7,27.069,568.449,02/26/2019,13:05,Ewallet,541.38,4.761905,27.069,7.7
391-98-1439,B,Mandalay,Normal,Female,Electronic accessories,32.3,2,3.23,67.83,03/18/2019,19:46,Credit card,64.6,4.761905,3.23,5.5
606-59-2847,C,Naypyitaw,Normal,Male,Food and beverages,64.62,4,12.924,271.404,02/07/2019,20:03,Ewallet,258.48,4.761905,12.924,8.5
530-56-9951,A,Yangon,Normal,Male,Food and beverages,89.99,1,4.4995,94.4895,02/10/2019,12:24,Credit card,89.99,4.761905,4.4995,9.9
908-60-9300,C,Naypyitaw,Member,Female,Health and beauty,11.5,2,1.15,24.15,01/28/2019,10:59,Ewallet,23.0,4.761905,1.15,4.1
180-75-4329,B,Mandalay,Normal,Female,Fashion accessories,46.2,9,20.79,436.59,01/20/2019,14:05,Cash,415.8,4.761905,20.79,7.2
188-65-2900,A,Yangon,Normal,Female,Food and beverages,67.09,2,6.709,140.889,02/25/2019,13:03,Ewallet,134.18,4.761905,6.709,5.9
455-76-9474,B,Mandalay,Member,Female,Fashion accessories,76.75,3,11.5125,241.7625,01/18/2019,10:10,Cash,230.25,4.761905,11.5125,4.7
378-77-2046,C,Naypyitaw,Normal,Male,Home and lifestyle,21.42,5,5.355,112.455,01/16/2019,10:21,Cash,107.1,4.761905,5.355,8.4
361-23-2889,B,Mandalay,Member,Female,Sports and travel,55.97,1,2.7985,58.7685,03/14/2019,12:23,Ewallet,55.97,4.761905,2.7985,7.0
666-93-7870,A,Yangon,Member,Male,Health and beauty,32.01,8,12.804,268.884,01/20/2019,12:59,Ewallet,256.08,4.761905,12.804,6.2
614-96-1862,A,Yangon,Normal,Male,Sports and travel,92.43,6,27.729,582.309,01/10/2019,19:23,Ewallet,554.58,4.761905,27.729,5.6
567-11-7044,A,Yangon,Member,Male,Sports and travel,16.2,8,6.48,136.08,02/09/2019,15:05,Credit card,129.6,4.761905,6.48,9.2
878-41-3466,A,Yangon,Normal,Female,Fashion accessories,66.04,8,26.416,554.736,03/05/2019,13:46,Credit card,528.32,4.761905,26.416,6.2
844-49-2703,A,Yangon,Normal,Male,Electronic accessories,58.74,1,2.937,61.677,01/01/2019,20:24,Credit card,58.74,4.761905,2.937,9.7
965-76-7767,A,Yangon,Member,Female,Sports and travel,96.51,3,14.4765,304.0065,01/12/2019,10:58,Ewallet,289.53,4.761905,14.4765,8.3
681-17-8126,C,Naypyitaw,Normal,Female,Fashion accessories,17.64,2,1.764,37.044,03/23/2019,16:04,Credit card,35.28,4.761905,1.764,7.0
378-39-2223,C,Naypyitaw,Member,Male,Home and lifestyle,33.49,6,10.047,210.987,02/20/2019,15:20,Cash,200.94,4.761905,10.047,9.6
888-36-8404,A,Yangon,Member,Male,Electronic accessories,19.51,8,7.804,163.884,02/22/2019,11:34,Cash,156.08,4.761905,7.804,6.8
955-51-3430,B,Mandalay,Normal,Female,Health and beauty,18.14,5,4.535,95.235,03/31/2019,19:02,Ewallet,90.7,4.761905,4.535,9.0
669-80-5093,A,Yangon,Member,Female,Sports and travel,56.21,5,14.0525,295.1025,01/23/2019,10:25,Cash,281.05,4.761905,14.0525,5.6
481-97-2376,A,Yangon,Normal,Male,Electronic accessories,20.93,1,1.0465,21.9765,01/29/2019,12:12,Cash,20.93,4.761905,1.0465,9.0
225-15-8552,C,Naypyitaw,Normal,Male,Health and beauty,99.74,4,19.948,418.908,02/26/2019,12:05,Cash,398.96,4.761905,19.948,9.4
291-45-5585,A,Yangon,Member,Female,Fashion accessories,45.55,1,2.2775,47.8275,02/24/2019,12:22,Ewallet,45.55,4.761905,2.2775,6.3
590-17-2437,B,Mandalay,Member,Male,Food and beverages,65.73,4,13.146,276.066,03/05/2019,16:56,Credit card,262.92,4.761905,13.146,7.9
467-71-9921,B,Mandalay,Normal,Male,Sports and travel,27.95,9,12.5775,264.1275,03/11/2019,10:24,Credit card,251.55,4.761905,12.5775,5.5
159-70-9674,B,Mandalay,Normal,Female,Sports and travel,34.34,1,1.717,36.057,01/29/2019,10:57,Cash,34.34,4.761905,1.717,5.9
463-32-3885,B,Mandalay,Member,Male,Health and beauty,32.31,4,6.462,135.702,01/08/2019,13:36,Cash,129.24,4.761905,6.462,5.6
956-73-9882,A,Yangon,Normal,Female,Food and beverages,12.54,6,3.762,79.002,03/14/2019,12:36,Ewallet,75.24,4.761905,3.762,9.7
439-88-4300,B,Mandalay,Member,Female,Health and beauty,18.12,4,3.624,76.104,01/03/2019,18:30,Ewallet,72.48,4.761905,3.624,7.6
981-56-2188,A,Yangon,Normal,Male,Home and lifestyle,15.36,3,2.304,48.384,01/19/2019,11:54,Credit card,46.08,4.761905,2.304,7.5
424-32-6846,B,Mandalay,Normal,Male,Home and lifestyle,37.16,3,5.574,117.054,02/25/2019,20:31,Credit card,111.48,4.761905,5.574,9.9
133-33-6213,A,Yangon,Member,Female,Home and lifestyle,76.06,5,19.015,399.315,01/01/2019,19:25,Credit card,380.3,4.761905,19.015,4.8
941-95-6500,C,Naypyitaw,Member,Male,Sports and travel,22.66,2,2.266,47.586,02/10/2019,12:40,Ewallet,45.32,4.761905,2.266,5.4
548-63-3725,B,Mandalay,Member,Female,Electronic accessories,32.46,2,3.246,68.166,01/14/2019,10:03,Cash,64.92,4.761905,3.246,6.1
330-30-8393,B,Mandalay,Normal,Female,Home and lifestyle,59.14,2,5.914,124.194,03/15/2019,20:48,Credit card,118.28,4.761905,5.914,9.0
176-80-2525,A,Yangon,Member,Female,Health and beauty,38.68,2,3.868,81.228,01/22/2019,16:10,Credit card,77.36,4.761905,3.868,4.4
439-36-4112,B,Mandalay,Normal,Male,Sports and travel,94.82,3,14.223,298.683,02/25/2019,12:03,Ewallet,284.46,4.761905,14.223,7.6
469-10-8005,B,Mandalay,Normal,Female,Home and lifestyle,31.38,1,1.569,32.949,03/12/2019,17:09,Ewallet,31.38,4.761905,1.569,6.4
415-60-8715,A,Yangon,Normal,Female,Electronic accessories,18.73,4,3.746,78.666,02/07/2019,11:30,Ewallet,74.92,4.761905,3.746,5.0
145-43-8204,B,Mandalay,Normal,Male,Fashion accessories,58.97,3,8.8455,185.7555,02/18/2019,15:11,Cash,176.91,4.761905,8.8455,6.2
452-79-7782,B,Mandalay,Normal,Male,Home and lifestyle,60.78,3,9.117,191.457,03/27/2019,11:05,Credit card,182.34,4.761905,9.117,8.5
587-48-2293,C,Naypyitaw,Member,Male,Sports and travel,83.66,7,29.281,614.901,03/29/2019,17:36,Ewallet,585.62,4.761905,29.281,9.8
229-15-7936,B,Mandalay,Member,Male,Health and beauty,95.43,8,38.172,801.612,01/22/2019,13:51,Ewallet,763.44,4.761905,38.172,5.0
506-80-6343,A,Yangon,Normal,Male,Fashion accessories,23.31,10,11.655,244.755,01/09/2019,11:24,Credit card,233.1,4.761905,11.655,5.5
680-85-2641,B,Mandalay,Normal,Male,Fashion accessories,66.08,9,29.736,624.456,01/15/2019,16:09,Ewallet,594.72,4.761905,29.736,8.7
584-14-3821,A,Yangon,Member,Female,Food and beverages,89.21,7,31.2235,655.6935,03/25/2019,17:36,Credit card,624.47,4.761905,31.2235,5.6
586-44-7102,B,Mandalay,Normal,Male,Food and beverages,64.78,7,22.673,476.133,02/12/2019,13:03,Credit card,453.46,4.761905,22.673,4.2
237-48-8259,A,Yangon,Normal,Female,Home and lifestyle,35.23,8,14.092,295.932,03/29/2019,11:55,Ewallet,281.84,4.761905,14.092,9.1
988-57-1920,B,Mandalay,Normal,Female,Food and beverages,68.1,4,13.62,286.02,02/22/2019,17:48,Credit card,272.4,4.761905,13.62,6.7
297-35-1944,C,Naypyitaw,Member,Male,Home and lifestyle,73.86,7,25.851,542.871,03/09/2019,19:01,Ewallet,517.02,4.761905,25.851,4.8
226-97-1500,A,Yangon,Member,Female,Health and beauty,92.62,4,18.524,389.004,03/01/2019,18:25,Credit card,370.48,4.761905,18.524,5.6
866-98-2480,A,Yangon,Normal,Female,Food and beverages,50.15,8,20.06,421.26,02/14/2019,15:10,Cash,401.2,4.761905,20.06,7.5
793-36-5408,B,Mandalay,Member,Female,Health and beauty,24.66,10,12.33,258.93,01/28/2019,13:41,Ewallet,246.6,4.761905,12.33,8.7
722-49-5511,C,Naypyitaw,Normal,Male,Fashion accessories,10.8,3,1.62,34.02,03/18/2019,10:14,Cash,32.4,4.761905,1.62,7.9
204-10-9380,B,Mandalay,Normal,Female,Sports and travel,32.68,8,13.072,274.512,03/08/2019,19:25,Credit card,261.44,4.761905,13.072,5.8
367-93-5895,C,Naypyitaw,Normal,Female,Home and lifestyle,71.6,8,28.64,601.44,02/05/2019,20:20,Cash,572.8,4.761905,28.64,4.4
126-93-9148,A,Yangon,Member,Male,Health and beauty,82.49,10,41.245,866.145,02/10/2019,20:08,Credit card,824.9,4.761905,41.245,6.4
830-38-9759,B,Mandalay,Normal,Female,Sports and travel,44.94,1,2.247,47.187,03/15/2019,13:21,Credit card,44.94,4.761905,2.247,7.5
582-26-5237,C,Naypyitaw,Normal,Female,Food and beverages,37.02,3,5.553,116.613,03/13/2019,12:18,Ewallet,111.06,4.761905,5.553,9.0
480-43-5817,C,Naypyitaw,Member,Female,Fashion accessories,18.04,6,5.412,113.652,02/09/2019,16:50,Cash,108.24,4.761905,5.412,5.3
612-25-7253,B,Mandalay,Member,Female,Health and beauty,87.98,10,43.99,923.79,03/21/2019,11:30,Ewallet,879.8,4.761905,43.99,7.5
568-28-6183,C,Naypyitaw,Normal,Female,Health and beauty,88.38,3,13.257,278.397,01/26/2019,15:26,Credit card,265.14,4.761905,13.257,4.8
314-31-3595,C,Naypyitaw,Member,Male,Sports and travel,39.94,3,5.991,125.811,01/08/2019,10:28,Cash,119.82,4.761905,5.991,5.9
646-35-7112,B,Mandalay,Member,Male,Food and beverages,49.03,7,17.1605,360.3705,03/03/2019,16:00,Ewallet,343.21,4.761905,17.1605,6.4
492-74-6015,A,Yangon,Normal,Male,Health and beauty,70.91,4,14.182,297.822,02/14/2019,14:08,Ewallet,283.64,4.761905,14.182,5.4
803-27-6615,A,Yangon,Member,Male,Home and lifestyle,95.36,8,38.144,801.024,03/18/2019,18:21,Cash,762.88,4.761905,38.144,8.4
122-85-9267,B,Mandalay,Normal,Male,Electronic accessories,95.33,7,33.3655,700.6755,01/29/2019,12:13,Credit card,667.31,4.761905,33.3655,4.1
738-16-1785,A,Yangon,Member,Female,Fashion accessories,68.55,1,3.4275,71.9775,03/23/2019,14:49,Credit card,68.55,4.761905,3.4275,6.3
818-29-4366,C,Naypyitaw,Member,Male,Health and beauty,72.08,7,25.228,529.788,01/16/2019,18:16,Cash,504.56,4.761905,25.228,6.7
623-89-2928,C,Naypyitaw,Member,Female,Sports and travel,69.55,9,31.2975,657.2475,03/19/2019,12:26,Ewallet,625.95,4.761905,31.2975,5.6
519-47-3627,B,Mandalay,Member,Male,Sports and travel,27.88,4,5.576,117.096,03/08/2019,13:22,Credit card,111.52,4.761905,5.576,8.7
955-83-9095,A,Yangon,Normal,Male,Fashion accessories,93.98,6,28.194,592.074,01/02/2019,20:05,Ewallet,563.88,4.761905,28.194,5.4
151-22-3862,A,Yangon,Member,Male,Fashion accessories,75.12,5,18.78,394.38,02/28/2019,14:16,Cash,375.6,4.761905,18.78,7.9
779-92-3793,A,Yangon,Normal,Female,Fashion accessories,38.14,2,3.814,80.094,01/06/2019,10:54,Ewallet,76.28,4.761905,3.814,4.6
509-68-5453,B,Mandalay,Normal,Female,Food and beverages,34.15,2,3.415,71.715,02/13/2019,12:07,Cash,68.3,4.761905,3.415,6.2
206-63-8908,B,Mandalay,Normal,Female,Fashion accessories,89.75,3,13.4625,282.7125,03/31/2019,10:54,Ewallet,269.25,4.761905,13.4625,4.7
215-62-8220,C,Naypyitaw,Normal,Male,Food and beverages,44.18,6,13.254,278.334,03/29/2019,12:30,Cash,265.08,4.761905,13.254,7.7
994-53-9504,A,Yangon,Member,Female,Fashion accessories,38.28,9,17.226,361.746,03/15/2019,19:14,Credit card,344.52,4.761905,17.226,8.6
959-81-1894,C,Naypyitaw,Member,Female,Fashion accessories,75.4,8,30.16,633.36,03/28/2019,20:24,Ewallet,603.2,4.761905,30.16,6.1
151-74-4648,A,Yangon,Member,Female,Sports and travel,88.25,2,8.825,185.325,02/11/2019,13:21,Cash,176.5,4.761905,8.825,8.5
557-50-2944,C,Naypyitaw,Normal,Female,Electronic accessories,17.09,8,6.836,143.556,02/27/2019,11:54,Cash,136.72,4.761905,6.836,8.8
411-75-4389,B,Mandalay,Member,Male,Sports and travel,47.11,9,21.1995,445.1895,01/12/2019,19:39,Credit card,423.99,4.761905,21.1995,7.3
714-70-6952,C,Naypyitaw,Normal,Female,Home and lifestyle,84.28,4,16.856,353.976,02/12/2019,18:49,Credit card,337.12,4.761905,16.856,9.1
660-76-7125,C,Naypyitaw,Normal,Male,Health and beauty,78.34,4,15.668,329.028,02/15/2019,20:51,Cash,313.36,4.761905,15.668,4.0
972-60-4532,C,Naypyitaw,Member,Male,Electronic accessories,54.32,7,19.012,399.252,03/20/2019,13:12,Ewallet,380.24,4.761905,19.012,4.6
568-94-9260,B,Mandalay,Member,Female,Health and beauty,78.14,1,3.907,82.047,03/28/2019,19:07,Cash,78.14,4.761905,3.907,9.6
899-32-3845,A,Yangon,Normal,Male,Food and beverages,76.26,9,34.317,720.657,03/16/2019,17:59,Credit card,686.34,4.761905,34.317,9.6
809-41-5482,C,Naypyitaw,Member,Male,Sports and travel,69.18,10,34.59,726.39,03/06/2019,16:26,Credit card,691.8,4.761905,34.59,9.3
660-50-4560,B,Mandalay,Normal,Female,Sports and travel,82.43,3,12.3645,259.6545,03/31/2019,18:19,Credit card,247.29,4.761905,12.3645,6.5
810-91-6281,A,Yangon,Member,Female,Fashion accessories,41.08,3,6.162,129.402,03/25/2019,12:32,Credit card,123.24,4.761905,6.162,9.9
392-64-1209,C,Naypyitaw,Member,Female,Food and beverages,53.23,10,26.615,558.915,02/23/2019,20:47,Credit card,532.3,4.761905,26.615,9.7
249-17-5835,C,Naypyitaw,Member,Male,Sports and travel,23.08,1,1.154,24.234,01/21/2019,14:43,Cash,23.08,4.761905,1.154,5.2
623-99-5712,A,Yangon,Member,Female,Sports and travel,19.22,9,8.649,181.629,03/24/2019,18:24,Ewallet,172.98,4.761905,8.649,9.2
307-89-8259,C,Naypyitaw,Member,Female,Sports and travel,47.49,6,14.247,299.187,01/07/2019,10:47,Cash,284.94,4.761905,14.247,9.8
852-75-2955,A,Yangon,Normal,Male,Fashion accessories,96.79,5,24.1975,508.1475,03/29/2019,11:11,Ewallet,483.95,4.761905,24.1975,6.7
826-29-1654,B,Mandalay,Member,Female,Home and lifestyle,60.09,3,9.0135,189.2835,02/02/2019,10:21,Cash,180.27,4.761905,9.0135,5.0
902-50-9608,A,Yangon,Normal,Male,Fashion accessories,65.4,5,16.35,343.35,03/15/2019,18:22,Ewallet,327.0,4.761905,16.35,6.9
779-52-6424,A,Yangon,Member,Male,Food and beverages,24.34,9,10.953,230.013,01/12/2019,15:14,Ewallet,219.06,4.761905,10.953,7.2
454-67-4937,B,Mandalay,Normal,Male,Food and beverages,57.74,9,25.983,545.643,03/25/2019,10:07,Credit card,519.66,4.761905,25.983,8.9
841-46-1404,C,Naypyitaw,Member,Male,Fashion accessories,89.71,7,31.3985,659.3685,01/15/2019,16:16,Credit card,627.97,4.761905,31.3985,9.5
646-10-2072,C,Naypyitaw,Normal,Female,Sports and travel,13.95,4,2.79,58.59,01/11/2019,11:10,Credit card,55.8,4.761905,2.79,5.9
570-52-1620,A,Yangon,Member,Female,Health and beauty,28.5,7,9.975,209.475,01/10/2019,20:09,Ewallet,199.5,4.761905,9.975,7.9
561-90-7626,A,Yangon,Member,Male,Electronic accessories,81.48,9,36.666,769.986,01/30/2019,14:26,Cash,733.32,4.761905,36.666,4.4
699-15-2189,B,Mandalay,Normal,Male,Sports and travel,70.6,9,31.77,667.17,03/21/2019,11:48,Credit card,635.4,4.761905,31.77,4.0
131-70-3561,B,Mandalay,Member,Female,Fashion accessories,37.12,2,3.712,77.952,02/26/2019,16:25,Credit card,74.24,4.761905,3.712,5.7
914-92-7113,C,Naypyitaw,Member,Male,Fashion accessories,45.19,9,20.3355,427.0455,03/23/2019,12:19,Credit card,406.71,4.761905,20.3355,5.8
866-54-4469,A,Yangon,Member,Male,Health and beauty,10.45,10,5.225,109.725,03/12/2019,11:19,Ewallet,104.5,4.761905,5.225,6.4
972-16-9992,B,Mandalay,Member,Male,Electronic accessories,29.87,5,7.4675,156.8175,01/24/2019,20:51,Credit card,149.35,4.761905,7.4675,5.2
231-95-4842,B,Mandalay,Member,Female,Fashion accessories,16.06,2,1.606,33.726,03/16/2019,17:21,Cash,32.12,4.761905,1.606,5.2
256-82-6971,A,Yangon,Normal,Male,Electronic accessories,38.6,8,15.44,324.24,03/26/2019,14:44,Credit card,308.8,4.761905,15.44,6.0
237-96-6432,B,Mandalay,Normal,Male,Health and beauty,38.19,4,7.638,160.398,03/24/2019,16:17,Cash,152.76,4.761905,7.638,8.3
961-45-3293,B,Mandalay,Normal,Female,Home and lifestyle,79.73,8,31.892,669.732,01/23/2019,20:38,Ewallet,637.84,4.761905,31.892,7.3
932-84-7637,C,Naypyitaw,Member,Female,Fashion accessories,89.77,2,8.977,188.517,01/03/2019,18:40,Ewallet,179.54,4.761905,8.977,8.4
890-85-5767,C,Naypyitaw,Member,Male,Food and beverages,33.46,9,15.057,316.197,01/20/2019,15:25,Ewallet,301.14,4.761905,15.057,6.8
243-67-3608,A,Yangon,Normal,Male,Sports and travel,42.75,1,2.1375,44.8875,03/20/2019,20:10,Credit card,42.75,4.761905,2.1375,8.0
784-36-9485,A,Yangon,Member,Female,Home and lifestyle,13.64,8,5.456,114.576,02/03/2019,15:14,Ewallet,109.12,4.761905,5.456,5.4
748-45-5314,B,Mandalay,Normal,Female,Sports and travel,89.34,1,4.467,93.807,02/11/2019,11:45,Credit card,89.34,4.761905,4.467,9.9
328-76-7649,C,Naypyitaw,Member,Female,Fashion accessories,44.07,10,22.035,462.735,01/10/2019,18:16,Cash,440.7,4.761905,22.035,7.9
178-75-5600,B,Mandalay,Normal,Female,Sports and travel,89.85,1,4.4925,94.3425,01/18/2019,17:10,Ewallet,89.85,4.761905,4.4925,7.0
593-96-8844,A,Yangon,Member,Male,Electronic accessories,42.6,2,4.26,89.46,02/23/2019,15:46,Ewallet,85.2,4.761905,4.26,8.0
237-90-9399,B,Mandalay,Member,Male,Fashion accessories,85.0,1,4.25,89.25,01/17/2019,19:37,Ewallet,85.0,4.761905,4.25,5.5
119-94-5644,A,Yangon,Member,Male,Electronic accessories,33.24,3,4.986,104.706,02/21/2019,19:36,Credit card,99.72,4.761905,4.986,7.1
940-33-9369,A,Yangon,Member,Female,Food and beverages,99.35,8,39.74,834.54,02/22/2019,19:09,Credit card,794.8,4.761905,39.74,5.0
307-76-9263,B,Mandalay,Member,Female,Sports and travel,63.69,2,6.369,133.749,02/19/2019,12:06,Ewallet,127.38,4.761905,6.369,5.4
615-25-2526,C,Naypyitaw,Normal,Male,Food and beverages,18.67,8,7.468,156.828,03/18/2019,10:56,Credit card,149.36,4.761905,7.468,9.4
921-71-7246,B,Mandalay,Member,Male,Fashion accessories,68.43,9,30.7935,646.6635,01/06/2019,18:27,Ewallet,615.87,4.761905,30.7935,6.5
518-42-4096,B,Mandalay,Member,Female,Electronic accessories,32.91,4,6.582,138.222,01/11/2019,14:38,Credit card,131.64,4.761905,6.582,9.5
258-64-5155,A,Yangon,Member,Male,Food and beverages,10.65,4,2.13,44.73,02/10/2019,16:23,Ewallet,42.6,4.761905,2.13,8.1
594-32-7065,B,Mandalay,Normal,Female,Food and beverages,34.8,7,12.18,255.78,02/22/2019,18:50,Credit card,243.6,4.761905,12.18,8.5
557-99-3650,C,Naypyitaw,Normal,Female,Home and lifestyle,61.99,7,21.6965,455.6265,03/26/2019,11:47,Ewallet,433.93,4.761905,21.6965,8.4
105-21-3381,A,Yangon,Member,Female,Home and lifestyle,82.08,10,41.04,861.84,01/07/2019,12:24,Credit card,820.8,4.761905,41.04,8.2
728-93-9536,B,Mandalay,Normal,Male,Health and beauty,33.68,6,10.104,212.184,01/05/2019,16:59,Cash,202.08,4.761905,10.104,4.5
134-86-9364,B,Mandalay,Member,Male,Fashion accessories,54.49,1,2.7245,57.2145,03/26/2019,18:18,Ewallet,54.49,4.761905,2.7245,5.2
461-95-7474,C,Naypyitaw,Member,Male,Fashion accessories,13.25,4,2.65,55.65,01/21/2019,11:17,Cash,53.0,4.761905,2.65,7.9
935-45-4707,B,Mandalay,Member,Male,Fashion accessories,73.33,2,7.333,153.993,03/13/2019,19:22,Cash,146.66,4.761905,7.333,7.3
615-47-6570,C,Naypyitaw,Member,Female,Sports and travel,61.74,5,15.435,324.135,03/06/2019,11:35,Ewallet,308.7,4.761905,15.435,5.1
797-68-1448,A,Yangon,Normal,Female,Fashion accessories,49.85,7,17.4475,366.3975,02/01/2019,15:49,Cash,348.95,4.761905,17.4475,7.4
628-78-1159,B,Mandalay,Member,Female,Health and beauty,44.44,4,8.888,186.648,01/30/2019,15:26,Cash,177.76,4.761905,8.888,8.1
323-83-5408,C,Naypyitaw,Normal,Male,Home and lifestyle,18.37,6,5.511,115.731,01/23/2019,17:20,Cash,110.22,4.761905,5.511,4.5
956-89-6833,A,Yangon,Member,Female,Fashion accessories,27.97,4,5.594,117.474,01/27/2019,13:12,Ewallet,111.88,4.761905,5.594,9.2
480-89-6167,A,Yangon,Member,Male,Health and beauty,70.82,8,28.328,594.888,03/11/2019,10:54,Cash,566.56,4.761905,28.328,7.7
638-64-8836,B,Mandalay,Normal,Female,Electronic accessories,98.6,9,44.37,931.77,01/29/2019,19:08,Ewallet,887.4,4.761905,44.37,5.7
805-11-1193,C,Naypyitaw,Member,Female,Sports and travel,87.44,3,13.116,275.436,01/16/2019,18:29,Cash,262.32,4.761905,13.116,6.7
342-44-8722,C,Naypyitaw,Member,Female,Food and beverages,19.07,6,5.721,120.141,02/03/2019,12:35,Cash,114.42,4.761905,5.721,7.7
386-67-3947,C,Naypyitaw,Normal,Female,Electronic accessories,54.89,4,10.978,230.538,02/17/2019,15:54,Cash,219.56,4.761905,10.978,6.5
253-70-1159,C,Naypyitaw,Member,Male,Health and beauty,74.87,4,14.974,314.454,02/18/2019,13:09,Credit card,299.48,4.761905,14.974,7.3
675-82-1781,A,Yangon,Normal,Female,Electronic accessories,99.6,9,44.82,941.22,02/10/2019,17:19,Cash,896.4,4.761905,44.82,7.2
442-43-6914,B,Mandalay,Member,Male,Health and beauty,29.39,5,7.3475,154.2975,03/22/2019,11:28,Credit card,146.95,4.761905,7.3475,6.9
765-93-9821,B,Mandalay,Normal,Female,Health and beauty,47.06,6,14.118,296.478,03/19/2019,13:36,Credit card,282.36,4.761905,14.118,9.2
393-69-3373,A,Yangon,Normal,Female,Home and lifestyle,70.59,8,28.236,592.956,02/27/2019,11:24,Credit card,564.72,4.761905,28.236,8.6
333-50-6191,A,Yangon,Normal,Female,Fashion accessories,65.11,7,22.7885,478.5585,01/10/2019,11:10,Cash,455.77,4.761905,22.7885,9.1
523-31-4012,C,Naypyitaw,Normal,Female,Food and beverages,68.02,5,17.005,357.105,02/16/2019,19:33,Cash,340.1,4.761905,17.005,9.3
999-70-9985,A,Yangon,Member,Male,Fashion accessories,32.65,2,3.265,68.565,02/20/2019,11:06,Ewallet,65.3,4.761905,3.265,5.3
499-49-4757,A,Yangon,Member,Female,Food and beverages,78.85,2,7.885,165.585,03/21/2019,12:05,Credit card,157.7,4.761905,7.885,4.6
981-51-8801,A,Yangon,Normal,Female,Fashion accessories,21.38,9,9.621,202.041,01/04/2019,10:42,Cash,192.42,4.761905,9.621,9.0
751-82-8126,B,Mandalay,Normal,Female,Electronic accessories,97.26,9,43.767,919.107,03/18/2019,17:40,Credit card,875.34,4.761905,43.767,5.1
410-11-1001,C,Naypyitaw,Normal,Female,Sports and travel,58.57,2,5.857,122.997,02/16/2019,16:16,Ewallet,117.14,4.761905,5.857,6.7
884-65-5799,C,Naypyitaw,Member,Female,Home and lifestyle,52.23,1,2.6115,54.8415,03/04/2019,17:19,Ewallet,52.23,4.761905,2.6115,8.1
832-92-7385,C,Naypyitaw,Member,Male,Food and beverages,43.63,7,15.2705,320.6805,02/25/2019,16:15,Ewallet,305.41,4.761905,15.2705,9.3
764-78-5404,B,Mandalay,Member,Female,Health and beauty,48.0,4,9.6,201.6,03/20/2019,20:17,Cash,192.0,4.761905,9.6,7.1
737-72-4076,B,Mandalay,Member,Male,Electronic accessories,22.3,2,2.23,46.83,03/21/2019,17:17,Credit card,44.6,4.761905,2.23,7.8
832-66-1134,B,Mandalay,Member,Male,Health and beauty,97.27,1,4.8635,102.1335,01/14/2019,14:17,Ewallet,97.27,4.761905,4.8635,5.1
910-14-6410,A,Yangon,Member,Male,Health and beauty,54.42,6,16.326,342.846,03/05/2019,15:29,Credit card,326.52,4.761905,16.326,6.5
936-58-1206,A,Yangon,Member,Male,Home and lifestyle,79.81,2,7.981,167.601,01/24/2019,13:57,Cash,159.62,4.761905,7.981,7.3
584-59-6113,A,Yangon,Member,Female,Sports and travel,32.24,1,1.612,33.852,01/13/2019,18:42,Ewallet,32.24,4.761905,1.612,5.2
469-16-4568,B,Mandalay,Member,Male,Fashion accessories,94.37,9,42.4665,891.7965,03/03/2019,20:19,Ewallet,849.33,4.761905,42.4665,4.7
695-98-8786,A,Yangon,Member,Female,Home and lifestyle,11.36,5,2.84,59.64,02/20/2019,13:00,Ewallet,56.8,4.761905,2.84,7.5
161-17-6824,C,Naypyitaw,Member,Female,Health and beauty,32.39,8,12.956,272.076,03/21/2019,15:59,Credit card,259.12,4.761905,12.956,4.5
850-34-1349,C,Naypyitaw,Member,Male,Electronic accessories,53.91,6,16.173,339.633,03/24/2019,15:51,Cash,323.46,4.761905,16.173,9.9
813-72-4109,C,Naypyitaw,Normal,Female,Fashion accessories,22.13,1,1.1065,23.2365,02/26/2019,18:18,Credit card,22.13,4.761905,1.1065,6.9
643-29-8362,C,Naypyitaw,Member,Female,Home and lifestyle,75.92,5,18.98,398.58,03/18/2019,18:10,Ewallet,379.6,4.761905,18.98,9.2
894-89-4912,B,Mandalay,Normal,Female,Sports and travel,10.06,9,4.527,95.067,01/24/2019,10:39,Cash,90.54,4.761905,4.527,6.3
519-92-6276,B,Mandalay,Member,Female,Electronic accessories,57.17,8,22.868,480.228,01/20/2019,19:18,Cash,457.36,4.761905,22.868,8.6
296-22-1521,A,Yangon,Member,Male,Health and beauty,85.17,3,12.7755,268.2855,01/05/2019,13:06,Cash,255.51,4.761905,12.7755,5.1
172-11-4419,C,Naypyitaw,Normal,Female,Food and beverages,66.16,10,33.08,694.68,02/16/2019,13:38,Credit card,661.6,4.761905,33.08,5.5
159-88-5355,C,Naypyitaw,Normal,Male,Sports and travel,82.09,1,4.1045,86.1945,02/23/2019,15:50,Credit card,82.09,4.761905,4.1045,6.2
644-59-4104,C,Naypyitaw,Member,Male,Home and lifestyle,17.01,4,3.402,71.442,01/13/2019,11:46,Ewallet,68.04,4.761905,3.402,9.8
569-99-7997,A,Yangon,Member,Male,Food and beverages,77.43,7,27.1005,569.1105,03/23/2019,19:22,Credit card,542.01,4.761905,27.1005,8.5
422-80-6319,A,Yangon,Member,Male,Food and beverages,46.14,6,13.842,290.682,03/10/2019,19:28,Cash,276.84,4.761905,13.842,7.9
862-42-6898,B,Mandalay,Normal,Female,Fashion accessories,39.11,4,7.822,164.262,01/28/2019,16:49,Credit card,156.44,4.761905,7.822,7.4
106-48-4635,B,Mandalay,Normal,Female,Health and beauty,75.37,5,18.8425,395.6925,03/08/2019,12:56,Cash,376.85,4.761905,18.8425,7.6
138-68-6827,A,Yangon,Normal,Male,Fashion accessories,84.01,9,37.8045,793.8945,03/15/2019,19:09,Ewallet,756.09,4.761905,37.8045,7.1
682-37-2264,A,Yangon,Member,Female,Home and lifestyle,90.07,4,18.014,378.294,02/08/2019,11:36,Cash,360.28,4.761905,18.014,5.4
138-83-7251,C,Naypyitaw,Normal,Female,Electronic accessories,53.94,10,26.97,566.37,01/13/2019,19:41,Cash,539.4,4.761905,26.97,8.9
969-87-1187,A,Yangon,Member,Female,Home and lifestyle,89.18,7,31.213,655.473,01/16/2019,13:47,Credit card,624.26,4.761905,31.213,6.5
326-29-1827,C,Naypyitaw,Normal,Male,Home and lifestyle,57.19,6,17.157,360.297,01/20/2019,15:32,Credit card,343.14,4.761905,17.157,7.2
444-20-8796,C,Naypyitaw,Normal,Female,Food and beverages,61.77,2,6.177,129.717,02/07/2019,16:09,Ewallet,123.54,4.761905,6.177,5.3
592-81-4245,C,Naypyitaw,Member,Female,Home and lifestyle,17.66,9,7.947,166.887,03/31/2019,12:48,Ewallet,158.94,4.761905,7.947,6.6
431-97-2467,B,Mandalay,Normal,Male,Food and beverages,65.44,9,29.448,618.408,01/10/2019,14:49,Cash,588.96,4.761905,29.448,5.5
273-54-8245,A,Yangon,Normal,Female,Home and lifestyle,41.35,6,12.405,260.505,03/25/2019,10:49,Cash,248.1,4.761905,12.405,6.1
973-20-2841,C,Naypyitaw,Member,Female,Health and beauty,93.18,4,18.636,391.356,02/17/2019,12:48,Credit card,372.72,4.761905,18.636,5.2
582-12-6437,C,Naypyitaw,Member,Male,Food and beverages,93.41,5,23.3525,490.4025,03/30/2019,11:19,Cash,467.05,4.761905,23.3525,4.1
784-12-7170,A,Yangon,Member,Male,Food and beverages,57.09,5,14.2725,299.7225,03/21/2019,12:44,Credit card,285.45,4.761905,14.2725,7.3
770-11-2091,C,Naypyitaw,Member,Female,Electronic accessories,15.41,4,3.082,64.722,03/21/2019,14:03,Cash,61.64,4.761905,3.082,8.7
423-72-9709,B,Mandalay,Normal,Female,Health and beauty,11.72,7,4.102,86.142,02/18/2019,18:45,Ewallet,82.04,4.761905,4.102,5.4
412-52-9027,A,Yangon,Member,Male,Food and beverages,97.01,9,43.6545,916.7445,01/03/2019,10:15,Credit card,873.09,4.761905,43.6545,9.6
740-42-7343,B,Mandalay,Member,Male,Home and lifestyle,71.59,6,21.477,451.017,01/31/2019,18:17,Ewallet,429.54,4.761905,21.477,7.8
727-90-4726,A,Yangon,Normal,Male,Electronic accessories,40.76,7,14.266,299.586,01/12/2019,16:33,Credit card,285.32,4.761905,14.266,7.9
241-84-9869,B,Mandalay,Member,Male,Sports and travel,97.35,10,48.675,1022.175,03/11/2019,12:13,Credit card,973.5,4.761905,48.675,6.0
261-50-2111,C,Naypyitaw,Member,Male,Home and lifestyle,71.97,9,32.3865,680.1165,02/25/2019,12:41,Credit card,647.73,4.761905,32.3865,9.5
553-91-5485,C,Naypyitaw,Member,Male,Home and lifestyle,85.56,3,12.834,269.514,02/10/2019,16:26,Cash,256.68,4.761905,12.834,8.4
710-39-4783,A,Yangon,Member,Male,Electronic accessories,26.63,10,13.315,279.615,03/19/2019,19:39,Ewallet,266.3,4.761905,13.315,7.7
482-33-7348,C,Naypyitaw,Member,Female,Health and beauty,71.93,8,28.772,604.212,03/19/2019,17:45,Credit card,575.44,4.761905,28.772,4.8
860-95-4323,B,Mandalay,Normal,Male,Electronic accessories,27.39,1,1.3695,28.7595,01/02/2019,14:26,Ewallet,27.39,4.761905,1.3695,6.5
894-15-7232,A,Yangon,Member,Male,Sports and travel,88.04,8,35.216,739.536,02/28/2019,13:27,Cash,704.32,4.761905,35.216,8.1
905-14-9530,C,Naypyitaw,Normal,Female,Food and beverages,94.52,10,47.26,992.46,03/09/2019,20:56,Credit card,945.2,4.761905,47.26,7.6
628-90-1807,A,Yangon,Normal,Female,Health and beauty,89.0,4,17.8,373.8,02/20/2019,10:35,Cash,356.0,4.761905,17.8,7.1
806-76-3330,A,Yangon,Normal,Female,Sports and travel,89.6,5,22.4,470.4,02/24/2019,14:39,Ewallet,448.0,4.761905,22.4,6.8
523-51-8387,B,Mandalay,Normal,Male,Fashion accessories,55.06,3,8.259,173.439,03/31/2019,18:08,Cash,165.18,4.761905,8.259,8.7
764-30-3024,A,Yangon,Member,Female,Food and beverages,90.7,4,18.14,380.94,01/12/2019,14:20,Credit card,362.8,4.761905,18.14,9.3
663-58-1719,A,Yangon,Member,Female,Fashion accessories,42.66,9,19.197,403.137,03/07/2019,19:10,Cash,383.94,4.761905,19.197,8.2
847-67-5731,A,Yangon,Normal,Male,Electronic accessories,88.19,3,13.2285,277.7985,01/07/2019,16:19,Cash,264.57,4.761905,13.2285,8.6
975-73-9904,C,Naypyitaw,Member,Male,Electronic accessories,96.44,1,4.822,101.262,02/02/2019,10:29,Cash,96.44,4.761905,4.822,7.7
106-41-9967,A,Yangon,Normal,Male,Electronic accessories,63.0,8,25.2,529.2,02/26/2019,11:38,Credit card,504.0,4.761905,25.2,6.7
405-52-2436,B,Mandalay,Member,Male,Electronic accessories,23.34,6,7.002,147.042,01/05/2019,20:36,Credit card,140.04,4.761905,7.002,4.2
281-68-6901,A,Yangon,Member,Female,Electronic accessories,24.52,5,6.13,128.73,03/30/2019,19:36,Credit card,122.6,4.761905,6.13,7.7
582-27-2999,A,Yangon,Member,Female,Home and lifestyle,43.17,7,15.1095,317.2995,02/24/2019,18:04,Cash,302.19,4.761905,15.1095,8.9
847-90-9666,C,Naypyitaw,Normal,Female,Food and beverages,47.24,4,9.448,198.408,03/20/2019,10:06,Credit card,188.96,4.761905,9.448,8.2
729-82-9132,A,Yangon,Normal,Female,Sports and travel,64.8,6,19.44,408.24,03/15/2019,19:22,Ewallet,388.8,4.761905,19.44,5.6
576-90-2932,C,Naypyitaw,Normal,Female,Electronic accessories,89.53,4,17.906,376.026,01/25/2019,10:07,Ewallet,358.12,4.761905,17.906,8.3
306-98-5614,C,Naypyitaw,Member,Female,Sports and travel,14.09,6,4.227,88.767,03/23/2019,13:00,Credit card,84.54,4.761905,4.227,7.4
505-82-1477,B,Mandalay,Member,Female,Home and lifestyle,55.6,6,16.68,350.28,01/15/2019,20:21,Cash,333.6,4.761905,16.68,8.6
259-90-8546,A,Yangon,Member,Female,Home and lifestyle,93.01,8,37.204,781.284,01/05/2019,20:08,Cash,744.08,4.761905,37.204,9.5
423-81-9779,C,Naypyitaw,Normal,Female,Sports and travel,93.5,1,4.675,98.175,02/08/2019,19:46,Credit card,93.5,4.761905,4.675,9.0
647-31-7382,A,Yangon,Member,Female,Home and lifestyle,15.96,3,2.394,50.274,01/04/2019,15:24,Credit card,47.88,4.761905,2.394,5.7
480-67-5958,A,Yangon,Member,Female,Fashion accessories,87.2,1,4.36,91.56,01/12/2019,17:56,Ewallet,87.2,4.761905,4.36,5.6
918-71-9192,A,Yangon,Normal,Male,Health and beauty,43.68,1,2.184,45.864,01/12/2019,17:32,Ewallet,43.68,4.761905,2.184,8.7
941-76-3174,A,Yangon,Member,Female,Sports and travel,75.92,9,34.164,717.444,02/11/2019,12:49,Ewallet,683.28,4.761905,34.164,5.9
992-21-6460,A,Yangon,Member,Female,Sports and travel,74.23,9,33.4035,701.4735,02/09/2019,10:43,Credit card,668.07,4.761905,33.4035,4.7
428-35-4154,B,Mandalay,Member,Male,Food and beverages,78.96,5,19.74,414.54,02/09/2019,20:57,Ewallet,394.8,4.761905,19.74,4.1
673-75-2677,B,Mandalay,Normal,Female,Sports and travel,70.4,5,17.6,369.6,02/05/2019,11:00,Credit card,352.0,4.761905,17.6,4.9
446-79-8268,A,Yangon,Normal,Female,Home and lifestyle,22.74,5,5.685,119.385,01/22/2019,11:19,Credit card,113.7,4.761905,5.685,7.4
283-86-8304,A,Yangon,Member,Male,Sports and travel,91.3,1,4.565,95.865,01/07/2019,11:27,Cash,91.3,4.761905,4.565,4.6
932-99-8672,C,Naypyitaw,Normal,Female,Home and lifestyle,83.57,9,37.6065,789.7365,03/01/2019,19:08,Ewallet,752.13,4.761905,37.6065,4.5
364-56-7423,A,Yangon,Normal,Female,Fashion accessories,68.0,8,27.2,571.2,01/29/2019,12:55,Credit card,544.0,4.761905,27.2,6.8
389-54-3087,A,Yangon,Normal,Female,Sports and travel,53.88,2,5.388,113.148,02/14/2019,17:29,Ewallet,107.76,4.761905,5.388,6.9
510-85-7773,C,Naypyitaw,Member,Female,Fashion accessories,81.71,6,24.513,514.773,01/10/2019,14:34,Cash,490.26,4.761905,24.513,7.3
680-53-9921,A,Yangon,Member,Male,Sports and travel,44.54,6,13.362,280.602,03/30/2019,19:27,Cash,267.24,4.761905,13.362,5.2
433-81-2599,C,Naypyitaw,Member,Male,Fashion accessories,70.26,10,35.13,737.73,01/15/2019,19:38,Cash,702.6,4.761905,35.13,9.0
760-94-2007,B,Mandalay,Member,Female,Sports and travel,16.26,2,1.626,34.146,03/18/2019,16:20,Cash,32.52,4.761905,1.626,8.1
398-59-8326,A,Yangon,Member,Male,Food and beverages,91.29,1,4.5645,95.8545,03/26/2019,12:28,Credit card,91.29,4.761905,4.5645,8.5
108-88-9362,A,Yangon,Member,Female,Home and lifestyle,61.32,5,15.33,321.93,02/25/2019,15:05,Credit card,306.6,4.761905,15.33,9.5
212-46-1510,B,Mandalay,Member,Female,Health and beauty,43.23,9,19.4535,408.5235,01/01/2019,18:52,Cash,389.07,4.761905,19.4535,9.8
277-70-3278,A,Yangon,Normal,Female,Fashion accessories,38.63,7,13.5205,283.9305,02/25/2019,18:13,Credit card,270.41,4.761905,13.5205,6.4
838-72-8155,A,Yangon,Normal,Female,Sports and travel,23.88,3,3.582,75.222,01/10/2019,20:01,Ewallet,71.64,4.761905,3.582,4.8
738-33-8444,A,Yangon,Member,Male,Fashion accessories,82.53,8,33.012,693.252,03/31/2019,19:59,Cash,660.24,4.761905,33.012,9.4
342-74-5411,C,Naypyitaw,Normal,Female,Sports and travel,41.98,3,6.297,132.237,01/01/2019,19:31,Credit card,125.94,4.761905,6.297,6.5
848-77-5578,B,Mandalay,Normal,Male,Health and beauty,61.13,6,18.339,385.119,03/03/2019,11:09,Credit card,366.78,4.761905,18.339,4.7
154-53-9765,B,Mandalay,Member,Male,Electronic accessories,52.52,2,5.252,110.292,03/11/2019,19:19,Credit card,105.04,4.761905,5.252,8.1
396-31-1578,A,Yangon,Normal,Female,Food and beverages,91.54,10,45.77,961.17,02/23/2019,15:51,Cash,915.4,4.761905,45.77,8.4
739-13-5699,C,Naypyitaw,Normal,Female,Health and beauty,66.64,10,33.32,699.72,01/07/2019,20:18,Credit card,666.4,4.761905,33.32,5.0
114-24-3860,B,Mandalay,Member,Male,Food and beverages,16.92,5,4.23,88.83,03/20/2019,14:17,Cash,84.6,4.761905,4.23,5.5
982-14-6617,C,Naypyitaw,Member,Female,Home and lifestyle,82.71,5,20.6775,434.2275,01/31/2019,17:11,Credit card,413.55,4.761905,20.6775,8.7
752-31-4454,A,Yangon,Member,Male,Sports and travel,77.75,7,27.2125,571.4625,01/31/2019,20:28,Credit card,544.25,4.761905,27.2125,8.6
587-78-4828,C,Naypyitaw,Normal,Male,Fashion accessories,33.8,2,3.38,70.98,03/01/2019,16:30,Cash,67.6,4.761905,3.38,4.3
642-97-1672,B,Mandalay,Normal,Female,Home and lifestyle,23.06,7,8.071,169.491,02/27/2019,16:43,Cash,161.42,4.761905,8.071,4.1
698-60-8554,A,Yangon,Normal,Female,Food and beverages,92.62,5,23.155,486.255,02/04/2019,11:16,Credit card,463.1,4.761905,23.155,6.0
112-62-2600,C,Naypyitaw,Member,Male,Food and beverages,40.37,3,6.0555,127.1655,01/02/2019,20:00,Ewallet,121.11,4.761905,6.0555,5.9
158-86-4552,C,Naypyitaw,Member,Female,Home and lifestyle,29.75,5,7.4375,156.1875,01/05/2019,10:39,Ewallet,148.75,4.761905,7.4375,5.5
213-99-4018,C,Naypyitaw,Member,Male,Health and beauty,87.08,3,13.062,274.302,03/24/2019,19:51,Ewallet,261.24,4.761905,13.062,6.3
888-51-5216,B,Mandalay,Normal,Female,Fashion accessories,94.26,8,37.704,791.784,02/05/2019,16:44,Credit card,754.08,4.761905,37.704,9.5
171-72-4287,A,Yangon,Member,Female,Health and beauty,44.45,6,13.335,280.035,02/03/2019,14:11,Cash,266.7,4.761905,13.335,10.0
208-66-5243,C,Naypyitaw,Normal,Male,Fashion accessories,54.29,3,8.1435,171.0135,02/25/2019,13:39,Credit card,162.87,4.761905,8.1435,7.2
755-10-1619,A,Yangon,Member,Male,Health and beauty,61.42,5,15.355,322.455,01/03/2019,17:09,Credit card,307.1,4.761905,15.355,8.7
513-18-9849,C,Naypyitaw,Normal,Female,Electronic accessories,73.0,7,25.55,536.55,03/07/2019,17:30,Cash,511.0,4.761905,25.55,7.4
410-61-1904,A,Yangon,Member,Female,Fashion accessories,83.62,8,33.448,702.408,03/10/2019,15:21,Credit card,668.96,4.761905,33.448,4.7
280-80-1644,C,Naypyitaw,Member,Female,Food and beverages,86.8,6,26.04,546.84,02/28/2019,14:41,Ewallet,520.8,4.761905,26.04,4.5
548-34-3292,B,Mandalay,Member,Female,Fashion accessories,45.11,2,4.511,94.731,02/15/2019,17:05,Credit card,90.22,4.761905,4.511,7.8
611-78-8361,A,Yangon,Member,Male,Fashion accessories,99.67,4,19.934,418.614,01/09/2019,18:41,Cash,398.68,4.761905,19.934,6.9
569-96-9791,A,Yangon,Member,Female,Health and beauty,40.39,1,2.0195,42.4095,01/28/2019,20:42,Credit card,40.39,4.761905,2.0195,6.4
818-93-3138,A,Yangon,Member,Male,Health and beauty,76.19,8,30.476,639.996,03/02/2019,19:02,Ewallet,609.52,4.761905,30.476,7.9
216-73-4613,A,Yangon,Member,Male,Home and lifestyle,83.87,2,8.387,176.127,01/22/2019,19:04,Ewallet,167.74,4.761905,8.387,6.7
429-37-1746,A,Yangon,Member,Female,Home and lifestyle,83.04,7,29.064,610.344,03/29/2019,19:34,Ewallet,581.28,4.761905,29.064,5.9
549-41-1666,C,Naypyitaw,Member,Female,Health and beauty,20.87,3,3.1305,65.7405,01/22/2019,15:35,Ewallet,62.61,4.761905,3.1305,8.5
823-93-5648,A,Yangon,Member,Female,Electronic accessories,11.41,8,4.564,95.844,01/01/2019,12:59,Ewallet,91.28,4.761905,4.564,4.5
808-14-3949,B,Mandalay,Normal,Male,Electronic accessories,22.88,5,5.72,120.12,02/22/2019,13:11,Credit card,114.4,4.761905,5.72,7.1
220-77-2567,C,Naypyitaw,Normal,Male,Fashion accessories,84.38,5,21.095,442.995,01/01/2019,18:15,Ewallet,421.9,4.761905,21.095,6.1
801-70-9151,C,Naypyitaw,Normal,Male,Sports and travel,79.33,4,15.866,333.186,01/25/2019,11:50,Ewallet,317.32,4.761905,15.866,5.7
144-23-1859,A,Yangon,Member,Male,Health and beauty,68.04,5,17.01,357.21,02/02/2019,15:39,Cash,340.2,4.761905,17.01,5.3
433-63-4256,C,Naypyitaw,Member,Male,Health and beauty,53.66,2,5.366,112.686,01/31/2019,17:37,Credit card,107.32,4.761905,5.366,4.4
175-70-8936,C,Naypyitaw,Normal,Male,Health and beauty,39.35,2,3.935,82.635,02/22/2019,13:24,Ewallet,78.7,4.761905,3.935,5.4
298-90-6875,A,Yangon,Normal,Male,Electronic accessories,93.51,8,37.404,785.484,02/17/2019,12:29,Credit card,748.08,4.761905,37.404,5.1
569-63-3804,B,Mandalay,Member,Female,Electronic accessories,12.89,10,6.445,135.345,01/18/2019,11:54,Cash,128.9,4.761905,6.445,4.4
188-62-9548,B,Mandalay,Member,Female,Food and beverages,24.11,10,12.055,253.155,03/15/2019,18:54,Ewallet,241.1,4.761905,12.055,9.4
693-38-3440,B,Mandalay,Member,Female,Sports and travel,35.13,7,12.2955,258.2055,02/01/2019,13:20,Cash,245.91,4.761905,12.2955,8.4
503-71-2605,C,Naypyitaw,Member,Female,Health and beauty,13.61,8,5.444,114.324,03/06/2019,10:27,Credit card,108.88,4.761905,5.444,8.4
402-40-2486,B,Mandalay,Normal,Male,Health and beauty,60.26,1,3.013,63.273,02/22/2019,13:08,Cash,60.26,4.761905,3.013,8.2
995-61-4030,A,Yangon,Normal,Female,Electronic accessories,73.3,10,36.65,769.65,01/04/2019,17:29,Ewallet,733.0,4.761905,36.65,8.5
814-88-9887,B,Mandalay,Normal,Male,Fashion accessories,16.36,6,4.908,103.068,02/07/2019,16:48,Cash,98.16,4.761905,4.908,7.2
213-59-6989,C,Naypyitaw,Member,Male,Food and beverages,89.28,1,4.464,93.744,03/28/2019,15:56,Ewallet,89.28,4.761905,4.464,7.1
344-79-2860,B,Mandalay,Member,Female,Home and lifestyle,25.77,9,11.5965,243.5265,03/13/2019,13:08,Cash,231.93,4.761905,11.5965,8.2
383-16-2038,C,Naypyitaw,Normal,Male,Fashion accessories,78.48,6,23.544,494.424,02/04/2019,18:43,Cash,470.88,4.761905,23.544,6.1
399-67-7031,B,Mandalay,Normal,Female,Sports and travel,55.13,2,5.513,115.773,03/10/2019,20:52,Credit card,110.26,4.761905,5.513,6.8
382-24-3424,C,Naypyitaw,Member,Male,Sports and travel,17.86,7,6.251,131.271,02/06/2019,11:06,Ewallet,125.02,4.761905,6.251,9.4
585-54-7883,B,Mandalay,Member,Male,Food and beverages,95.69,1,4.7845,100.4745,03/29/2019,18:59,Ewallet,95.69,4.761905,4.7845,5.8
692-53-6346,B,Mandalay,Member,Female,Electronic accessories,15.67,4,3.134,65.814,03/08/2019,20:21,Cash,62.68,4.761905,3.134,9.0
395-16-3430,B,Mandalay,Normal,Female,Home and lifestyle,61.05,5,15.2625,320.5125,02/03/2019,13:30,Cash,305.25,4.761905,15.2625,5.0
809-95-3514,B,Mandalay,Normal,Female,Electronic accessories,65.68,3,9.852,206.892,02/06/2019,12:11,Credit card,197.04,4.761905,9.852,8.3
675-14-6192,A,Yangon,Member,Male,Health and beauty,99.44,10,49.72,1044.12,02/03/2019,15:11,Ewallet,994.4,4.761905,49.72,4.8
886-28-8504,B,Mandalay,Member,Female,Sports and travel,58.59,3,8.7885,184.5585,01/16/2019,10:25,Cash,175.77,4.761905,8.7885,7.2
872-83-3409,B,Mandalay,Member,Male,Fashion accessories,59.15,9,26.6175,558.9675,02/07/2019,17:57,Cash,532.35,4.761905,26.6175,6.0
415-13-7580,C,Naypyitaw,Normal,Female,Fashion accessories,20.11,8,8.044,168.924,01/18/2019,20:35,Ewallet,160.88,4.761905,8.044,9.4
900-45-4206,C,Naypyitaw,Member,Female,Home and lifestyle,18.32,1,0.916,19.236,01/25/2019,19:33,Ewallet,18.32,4.761905,0.916,7.6
717-87-9381,A,Yangon,Member,Female,Fashion accessories,70.44,2,7.044,147.924,02/20/2019,13:31,Cash,140.88,4.761905,7.044,9.9
459-49-8300,A,Yangon,Normal,Female,Electronic accessories,74.44,7,26.054,547.134,02/17/2019,10:18,Cash,521.08,4.761905,26.054,6.2
534-63-3286,C,Naypyitaw,Member,Male,Fashion accessories,89.9,7,31.465,660.765,02/06/2019,12:51,Credit card,629.3,4.761905,31.465,8.8
190-10-7708,C,Naypyitaw,Member,Male,Electronic accessories,37.29,9,16.7805,352.3905,01/09/2019,19:48,Cash,335.61,4.761905,16.7805,9.9
396-80-9037,C,Naypyitaw,Normal,Female,Electronic accessories,60.02,10,30.01,630.21,01/18/2019,13:11,Cash,600.2,4.761905,30.01,8.5
755-91-8742,A,Yangon,Normal,Female,Sports and travel,60.34,8,24.136,506.856,01/01/2019,12:16,Cash,482.72,4.761905,24.136,5.3
863-56-8872,A,Yangon,Normal,Female,Electronic accessories,54.27,4,10.854,227.934,02/05/2019,17:04,Credit card,217.08,4.761905,10.854,4.2
266-84-1958,C,Naypyitaw,Normal,Female,Fashion accessories,71.73,2,7.173,150.633,03/15/2019,10:54,Cash,143.46,4.761905,7.173,6.2
149-47-5778,A,Yangon,Normal,Female,Fashion accessories,22.19,3,3.3285,69.8985,02/16/2019,16:40,Cash,66.57,4.761905,3.3285,4.3
946-97-5932,C,Naypyitaw,Member,Male,Fashion accessories,26.49,2,2.649,55.629,01/22/2019,18:20,Cash,52.98,4.761905,2.649,7.6
521-53-3671,B,Mandalay,Normal,Male,Food and beverages,62.2,3,9.33,195.93,03/08/2019,14:23,Cash,186.6,4.761905,9.33,4.1
966-78-2867,A,Yangon,Member,Male,Food and beverages,29.9,4,5.98,125.58,03/13/2019,19:44,Credit card,119.6,4.761905,5.98,8.8
711-76-6604,B,Mandalay,Normal,Male,Health and beauty,83.7,1,4.185,87.885,02/09/2019,15:08,Cash,83.7,4.761905,4.185,6.9
414-26-4438,A,Yangon,Normal,Male,Fashion accessories,83.31,4,16.662,349.902,03/30/2019,12:44,Ewallet,333.24,4.761905,16.662,4.8
210-14-9412,A,Yangon,Member,Female,Fashion accessories,78.67,2,7.867,165.207,03/03/2019,16:02,Ewallet,157.34,4.761905,7.867,4.5
901-25-4365,C,Naypyitaw,Member,Female,Health and beauty,91.77,1,4.5885,96.3585,03/27/2019,10:48,Ewallet,91.77,4.761905,4.5885,4.4
264-74-4962,C,Naypyitaw,Member,Male,Fashion accessories,41.64,2,4.164,87.444,02/05/2019,19:22,Cash,83.28,4.761905,4.164,4.9
104-22-4506,C,Naypyitaw,Member,Male,Food and beverages,78.69,9,35.4105,743.6205,01/25/2019,14:10,Credit card,708.21,4.761905,35.4105,5.3
488-64-4510,C,Naypyitaw,Normal,Female,Fashion accessories,63.04,8,25.216,529.536,01/14/2019,12:53,Cash,504.32,4.761905,25.216,8.0
880-56-5723,C,Naypyitaw,Member,Female,Health and beauty,78.53,6,23.559,494.739,01/15/2019,18:08,Cash,471.18,4.761905,23.559,4.7
331-80-7672,C,Naypyitaw,Member,Male,Home and lifestyle,54.43,7,19.0505,400.0605,03/18/2019,14:43,Cash,381.01,4.761905,19.0505,5.7
603-96-2723,B,Mandalay,Normal,Male,Health and beauty,90.53,8,36.212,760.452,02/17/2019,12:00,Credit card,724.24,4.761905,36.212,9.6
303-53-4281,B,Mandalay,Normal,Male,Health and beauty,22.9,7,8.015,168.315,01/14/2019,12:04,Cash,160.3,4.761905,8.015,8.2
509-55-8795,C,Naypyitaw,Normal,Male,Electronic accessories,85.43,8,34.172,717.612,03/16/2019,19:17,Credit card,683.44,4.761905,34.172,5.7
743-27-1486,C,Naypyitaw,Normal,Female,Food and beverages,35.1,8,14.04,294.84,02/02/2019,17:31,Ewallet,280.8,4.761905,14.04,4.6
736-89-2578,A,Yangon,Member,Male,Sports and travel,71.03,3,10.6545,223.7445,03/28/2019,15:09,Cash,213.09,4.761905,10.6545,6.3
659-12-1517,A,Yangon,Normal,Female,Electronic accessories,36.42,8,14.568,305.928,02/03/2019,18:21,Credit card,291.36,4.761905,14.568,6.9
775-48-3689,B,Mandalay,Member,Female,Sports and travel,38.31,7,13.4085,281.5785,01/05/2019,10:11,Credit card,268.17,4.761905,13.4085,6.7
667-97-9837,B,Mandalay,Normal,Male,Home and lifestyle,74.42,8,29.768,625.128,03/14/2019,20:31,Credit card,595.36,4.761905,29.768,8.6
731-96-6779,C,Naypyitaw,Normal,Female,Food and beverages,86.89,9,39.1005,821.1105,02/03/2019,17:37,Cash,782.01,4.761905,39.1005,4.3
449-58-2594,B,Mandalay,Normal,Male,Health and beauty,63.14,3,9.471,198.891,02/14/2019,19:01,Credit card,189.42,4.761905,9.471,9.0
804-18-5995,B,Mandalay,Normal,Female,Sports and travel,41.61,4,8.322,174.762,03/24/2019,14:37,Ewallet,166.44,4.761905,8.322,5.5
373-12-8695,A,Yangon,Normal,Male,Health and beauty,58.46,1,2.923,61.383,02/24/2019,19:32,Cash,58.46,4.761905,2.923,6.8
310-53-9138,C,Naypyitaw,Member,Female,Sports and travel,61.33,6,18.399,386.379,03/04/2019,11:44,Credit card,367.98,4.761905,18.399,7.4
319-46-5344,C,Naypyitaw,Normal,Male,Food and beverages,36.96,7,12.936,271.656,03/23/2019,11:53,Credit card,258.72,4.761905,12.936,5.2
379-18-9700,A,Yangon,Normal,Female,Electronic accessories,66.21,2,6.621,139.041,03/16/2019,11:37,Cash,132.42,4.761905,6.621,8.3
420-35-7788,B,Mandalay,Normal,Male,Home and lifestyle,81.61,5,20.4025,428.4525,02/08/2019,16:42,Credit card,408.05,4.761905,20.4025,7.0
690-73-4489,B,Mandalay,Normal,Female,Fashion accessories,78.71,3,11.8065,247.9365,03/22/2019,18:55,Ewallet,236.13,4.761905,11.8065,9.3
161-76-4287,C,Naypyitaw,Normal,Female,Fashion accessories,57.94,10,28.97,608.37,02/25/2019,19:46,Credit card,579.4,4.761905,28.97,9.1
749-36-7757,B,Mandalay,Normal,Male,Electronic accessories,23.54,5,5.885,123.585,02/22/2019,15:55,Ewallet,117.7,4.761905,5.885,9.1
351-49-8604,B,Mandalay,Normal,Male,Home and lifestyle,71.82,4,14.364,301.644,01/15/2019,12:12,Ewallet,287.28,4.761905,14.364,6.4
774-80-3883,B,Mandalay,Normal,Female,Fashion accessories,91.51,4,18.302,384.342,01/18/2019,10:16,Cash,366.04,4.761905,18.302,5.0
472-95-2479,C,Naypyitaw,Member,Female,Health and beauty,14.98,2,1.498,31.458,02/08/2019,11:57,Cash,29.96,4.761905,1.498,5.9
893-77-5125,B,Mandalay,Member,Male,Health and beauty,61.39,9,27.6255,580.1355,03/08/2019,20:53,Credit card,552.51,4.761905,27.6255,9.6
861-40-7928,B,Mandalay,Member,Male,Food and beverages,21.0,6,6.3,132.3,03/16/2019,16:51,Credit card,126.0,4.761905,6.3,6.0
646-57-2850,A,Yangon,Member,Male,Electronic accessories,29.27,5,7.3175,153.6675,02/02/2019,19:03,Cash,146.35,4.761905,7.3175,6.6
476-49-1345,B,Mandalay,Normal,Female,Fashion accessories,32.17,5,8.0425,168.8925,01/19/2019,15:30,Credit card,160.85,4.761905,8.0425,9.3
471-97-2999,C,Naypyitaw,Member,Male,Fashion accessories,92.57,4,18.514,388.794,02/19/2019,14:40,Credit card,370.28,4.761905,18.514,5.5
404-36-3625,C,Naypyitaw,Member,Female,Sports and travel,10.71,7,3.7485,78.7185,02/02/2019,14:05,Ewallet,74.97,4.761905,3.7485,9.6
961-52-7920,B,Mandalay,Normal,Female,Health and beauty,34.66,2,3.466,72.786,03/04/2019,17:47,Cash,69.32,4.761905,3.466,8.9
128-16-4010,A,Yangon,Member,Female,Food and beverages,15.97,7,5.5895,117.3795,03/12/2019,15:29,Credit card,111.79,4.761905,5.5895,7.6
628-93-3131,C,Naypyitaw,Normal,Male,Health and beauty,46.06,5,11.515,241.815,01/11/2019,11:10,Ewallet,230.3,4.761905,11.515,5.9
918-46-4254,C,Naypyitaw,Normal,Female,Sports and travel,53.05,3,7.9575,167.1075,03/29/2019,19:52,Cash,159.15,4.761905,7.9575,5.6
671-92-4747,A,Yangon,Normal,Female,Electronic accessories,45.41,7,15.8935,333.7635,03/15/2019,13:01,Ewallet,317.87,4.761905,15.8935,9.7
252-21-7028,A,Yangon,Normal,Male,Home and lifestyle,73.11,3,10.9665,230.2965,03/21/2019,16:38,Cash,219.33,4.761905,10.9665,4.3
308-34-5361,A,Yangon,Member,Male,Fashion accessories,57.33,8,22.932,481.572,03/05/2019,11:14,Credit card,458.64,4.761905,22.932,9.0
284-62-3391,B,Mandalay,Normal,Female,Electronic accessories,48.82,4,9.764,205.044,02/06/2019,20:12,Cash,195.28,4.761905,9.764,7.6
110-70-3182,A,Yangon,Normal,Female,Electronic accessories,65.59,4,13.118,275.478,03/29/2019,20:29,Ewallet,262.36,4.761905,13.118,6.2
160-16-6453,B,Mandalay,Normal,Male,Fashion accessories,44.51,7,15.5785,327.1485,02/02/2019,11:06,Credit card,311.57,4.761905,15.5785,8.4
734-58-5956,A,Yangon,Normal,Female,Food and beverages,94.54,10,47.27,992.67,01/06/2019,10:16,Credit card,945.4,4.761905,47.27,8.3
998-69-3161,B,Mandalay,Normal,Male,Food and beverages,13.7,3,2.055,43.155,03/06/2019,17:59,Cash,41.1,4.761905,2.055,5.6
865-56-8046,A,Yangon,Normal,Female,Electronic accessories,33.44,6,10.032,210.672,01/17/2019,17:55,Cash,200.64,4.761905,10.032,4.3
751-66-1871,B,Mandalay,Normal,Female,Food and beverages,38.17,3,5.7255,120.2355,03/04/2019,12:35,Credit card,114.51,4.761905,5.7255,5.9
141-66-6841,A,Yangon,Member,Male,Electronic accessories,26.48,8,10.592,222.432,03/01/2019,16:07,Cash,211.84,4.761905,10.592,5.6
284-31-9335,C,Naypyitaw,Normal,Female,Sports and travel,20.12,3,3.018,63.378,01/12/2019,13:55,Cash,60.36,4.761905,3.018,4.7
793-22-6384,B,Mandalay,Member,Male,Food and beverages,79.02,3,11.853,248.913,01/10/2019,13:49,Cash,237.06,4.761905,11.853,6.5
950-94-8861,A,Yangon,Normal,Male,Sports and travel,43.62,2,4.362,91.602,01/20/2019,10:05,Cash,87.24,4.761905,4.362,9.0
983-16-5635,B,Mandalay,Normal,Male,Home and lifestyle,97.28,10,48.64,1021.44,02/11/2019,19:08,Ewallet,972.8,4.761905,48.64,9.7
191-12-4411,B,Mandalay,Member,Male,Food and beverages,95.67,7,33.4845,703.1745,02/02/2019,12:15,Cash,669.69,4.761905,33.4845,4.6
801-87-3151,A,Yangon,Normal,Female,Home and lifestyle,68.25,3,10.2375,214.9875,03/04/2019,16:47,Cash,204.75,4.761905,10.2375,4.7
533-21-7922,B,Mandalay,Member,Female,Food and beverages,27.99,8,11.196,235.116,03/02/2019,14:36,Credit card,223.92,4.761905,11.196,9.3
802-29-9115,B,Mandalay,Member,Female,Fashion accessories,48.34,1,2.417,50.757,03/01/2019,20:14,Credit card,48.34,4.761905,2.417,7.1
961-41-9570,C,Naypyitaw,Member,Female,Sports and travel,49.36,8,19.744,414.624,01/17/2019,20:57,Cash,394.88,4.761905,19.744,5.8
575-94-5151,B,Mandalay,Normal,Male,Food and beverages,16.89,1,0.8445,17.7345,03/07/2019,16:26,Ewallet,16.89,4.761905,0.8445,7.1
526-48-6143,B,Mandalay,Normal,Male,Food and beverages,11.46,8,4.584,96.264,01/24/2019,16:02,Ewallet,91.68,4.761905,4.584,5.1
864-87-5248,C,Naypyitaw,Normal,Female,Food and beverages,82.71,6,24.813,521.073,01/24/2019,13:11,Ewallet,496.26,4.761905,24.813,9.8
808-61-8974,C,Naypyitaw,Member,Female,Food and beverages,11.61,7,4.0635,85.3335,01/22/2019,20:30,Cash,81.27,4.761905,4.0635,4.7
979-13-4428,B,Mandalay,Normal,Female,Home and lifestyle,17.89,3,2.6835,56.3535,01/15/2019,10:44,Ewallet,53.67,4.761905,2.6835,4.1
532-12-2908,B,Mandalay,Member,Male,Sports and travel,85.79,9,38.6055,810.7155,02/08/2019,17:09,Cash,772.11,4.761905,38.6055,5.1
152-52-1129,A,Yangon,Member,Female,Sports and travel,52.43,8,20.972,440.412,01/26/2019,14:36,Cash,419.44,4.761905,20.972,7.5
597-75-8993,A,Yangon,Normal,Female,Sports and travel,76.34,10,38.17,801.57,02/07/2019,10:31,Cash,763.4,4.761905,38.17,8.4
219-73-6681,A,Yangon,Member,Male,Sports and travel,61.88,9,27.846,584.766,03/24/2019,16:56,Cash,556.92,4.761905,27.846,4.4
701-97-6556,B,Mandalay,Normal,Male,Electronic accessories,35.92,4,7.184,150.864,02/26/2019,13:32,Ewallet,143.68,4.761905,7.184,6.8
915-70-3654,C,Naypyitaw,Normal,Male,Home and lifestyle,75.07,7,26.2745,551.7645,03/28/2019,20:47,Cash,525.49,4.761905,26.2745,9.8
203-63-9089,C,Naypyitaw,Member,Female,Fashion accessories,77.43,8,30.972,650.412,01/26/2019,12:38,Cash,619.44,4.761905,30.972,4.8
278-74-1523,B,Mandalay,Member,Male,Food and beverages,14.23,1,0.7115,14.9415,02/03/2019,15:43,Ewallet,14.23,4.761905,0.7115,6.2
887-15-5382,A,Yangon,Normal,Female,Health and beauty,65.58,2,6.558,137.718,03/04/2019,14:21,Cash,131.16,4.761905,6.558,7.4
943-81-1687,A,Yangon,Member,Male,Sports and travel,81.91,2,8.191,172.011,03/20/2019,19:50,Ewallet,163.82,4.761905,8.191,9.8
880-74-9165,C,Naypyitaw,Member,Male,Fashion accessories,20.63,4,4.126,86.646,01/21/2019,14:45,Cash,82.52,4.761905,4.126,9.5
351-70-6592,C,Naypyitaw,Member,Male,Fashion accessories,42.74,3,6.411,134.631,01/26/2019,17:26,Ewallet,128.22,4.761905,6.411,4.7
531-39-3260,B,Mandalay,Member,Male,Home and lifestyle,43.52,7,15.232,319.872,03/27/2019,13:09,Credit card,304.64,4.761905,15.232,6.2
888-11-9476,B,Mandalay,Normal,Female,Sports and travel,95.67,9,43.0515,904.0815,02/16/2019,10:28,Ewallet,861.03,4.761905,43.0515,8.8
254-83-1947,A,Yangon,Member,Female,Home and lifestyle,46.15,3,6.9225,145.3725,02/20/2019,10:42,Credit card,138.45,4.761905,6.9225,6.6
640-88-3406,C,Naypyitaw,Normal,Female,Sports and travel,89.72,9,40.374,847.854,02/10/2019,15:00,Cash,807.48,4.761905,40.374,9.2
453-93-7627,C,Naypyitaw,Normal,Female,Fashion accessories,28.46,9,12.807,268.947,03/21/2019,20:28,Credit card,256.14,4.761905,12.807,7.7
318-21-9383,A,Yangon,Normal,Male,Health and beauty,58.37,7,20.4295,429.0195,01/17/2019,18:34,Cash,408.59,4.761905,20.4295,8.4
952-48-7926,C,Naypyitaw,Normal,Female,Fashion accessories,24.4,1,1.22,25.62,03/11/2019,19:16,Ewallet,24.4,4.761905,1.22,9.3
405-83-1085,C,Naypyitaw,Member,Male,Home and lifestyle,33.38,9,15.021,315.441,01/07/2019,20:07,Cash,300.42,4.761905,15.021,6.1
339-54-5902,B,Mandalay,Normal,Male,Fashion accessories,99.01,10,49.505,1039.605,03/22/2019,20:34,Credit card,990.1,4.761905,49.505,8.3
565-22-3401,B,Mandalay,Member,Female,Food and beverages,76.38,2,7.638,160.398,03/16/2019,13:52,Cash,152.76,4.761905,7.638,6.0
478-96-9622,C,Naypyitaw,Normal,Female,Health and beauty,18.3,7,6.405,134.505,03/02/2019,13:28,Ewallet,128.1,4.761905,6.405,9.3
943-30-3364,B,Mandalay,Normal,Female,Food and beverages,54.89,7,19.2115,403.4415,03/30/2019,17:46,Cash,384.23,4.761905,19.2115,10.0
133-30-7051,C,Naypyitaw,Member,Female,Fashion accessories,51.19,9,23.0355,483.7455,01/16/2019,13:29,Cash,460.71,4.761905,23.0355,9.2
483-48-5816,A,Yangon,Normal,Male,Health and beauty,43.26,5,10.815,227.115,01/20/2019,11:23,Cash,216.3,4.761905,10.815,4.2
938-72-1034,B,Mandalay,Member,Male,Electronic accessories,80.54,7,28.189,591.969,02/09/2019,14:13,Ewallet,563.78,4.761905,28.189,4.3
586-87-3175,A,Yangon,Normal,Male,Health and beauty,47.58,10,23.79,499.59,02/27/2019,15:50,Cash,475.8,4.761905,23.79,5.9
496-39-7478,A,Yangon,Normal,Female,Fashion accessories,50.42,6,15.126,317.646,03/21/2019,20:39,Cash,302.52,4.761905,15.126,4.5
416-81-3028,B,Mandalay,Member,Female,Fashion accessories,34.96,2,3.496,73.416,01/04/2019,19:40,Credit card,69.92,4.761905,3.496,9.2
614-12-2970,C,Naypyitaw,Member,Male,Food and beverages,58.77,1,2.9385,61.7085,03/08/2019,13:48,Cash,58.77,4.761905,2.9385,9.7
721-51-7583,C,Naypyitaw,Member,Male,Home and lifestyle,80.81,4,16.162,339.402,03/16/2019,17:05,Credit card,323.24,4.761905,16.162,9.0
193-24-2627,C,Naypyitaw,Member,Female,Health and beauty,40.6,3,6.09,127.89,03/09/2019,15:24,Cash,121.8,4.761905,6.09,6.5
729-51-3973,C,Naypyitaw,Member,Female,Electronic accessories,26.44,2,2.644,55.524,02/22/2019,20:10,Ewallet,52.88,4.761905,2.644,4.9
153-35-4925,A,Yangon,Member,Female,Sports and travel,18.89,3,2.8335,59.5035,02/11/2019,14:24,Ewallet,56.67,4.761905,2.8335,6.5
666-62-2072,C,Naypyitaw,Member,Female,Food and beverages,77.72,7,27.202,571.242,02/04/2019,10:20,Cash,544.04,4.761905,27.202,9.7
881-81-3057,B,Mandalay,Member,Female,Fashion accessories,31.04,1,1.552,32.592,03/17/2019,20:06,Ewallet,31.04,4.761905,1.552,5.6
900-41-9806,B,Mandalay,Normal,Female,Health and beauty,86.17,9,38.7765,814.3065,01/19/2019,15:34,Ewallet,775.53,4.761905,38.7765,5.2
379-86-5110,B,Mandalay,Normal,Male,Health and beauty,83.14,10,41.57,872.97,01/22/2019,10:03,Cash,831.4,4.761905,41.57,5.7
407-21-7476,C,Naypyitaw,Normal,Female,Fashion accessories,29.15,9,13.1175,275.4675,01/21/2019,18:36,Ewallet,262.35,4.761905,13.1175,5.7
798-53-5282,C,Naypyitaw,Member,Male,Fashion accessories,60.08,5,15.02,315.42,01/27/2019,19:32,Cash,300.4,4.761905,15.02,9.3
808-27-1033,C,Naypyitaw,Normal,Female,Electronic accessories,69.6,6,20.88,438.48,02/28/2019,19:21,Ewallet,417.6,4.761905,20.88,6.0
651-20-2270,C,Naypyitaw,Normal,Male,Health and beauty,70.54,7,24.689,518.469,03/31/2019,17:48,Cash,493.78,4.761905,24.689,7.3
108-25-8580,C,Naypyitaw,Member,Female,Fashion accessories,21.11,7,7.3885,155.1585,02/15/2019,16:11,Credit card,147.77,4.761905,7.3885,9.0
935-88-5967,B,Mandalay,Member,Female,Health and beauty,29.94,1,1.497,31.437,03/29/2019,15:12,Ewallet,29.94,4.761905,1.497,8.6
940-91-7489,C,Naypyitaw,Member,Male,Sports and travel,97.06,1,4.853,101.913,03/19/2019,13:00,Ewallet,97.06,4.761905,4.853,5.7
702-26-2065,A,Yangon,Normal,Female,Electronic accessories,59.66,10,29.83,626.43,03/19/2019,19:11,Ewallet,596.6,4.761905,29.83,8.0
645-88-5143,A,Yangon,Normal,Male,Food and beverages,75.6,5,18.9,396.9,03/28/2019,10:44,Credit card,378.0,4.761905,18.9,5.2
380-25-9491,C,Naypyitaw,Normal,Male,Sports and travel,67.69,1,3.3845,71.0745,02/11/2019,16:54,Cash,67.69,4.761905,3.3845,9.1
105-60-4188,B,Mandalay,Normal,Female,Food and beverages,78.31,4,15.662,328.902,02/23/2019,18:28,Cash,313.24,4.761905,15.662,4.3
418-18-2584,B,Mandalay,Member,Male,Fashion accessories,30.31,7,10.6085,222.7785,02/01/2019,13:10,Cash,212.17,4.761905,10.6085,9.7
448-16-6465,A,Yangon,Normal,Female,Health and beauty,63.33,6,18.999,398.979,02/01/2019,11:30,Ewallet,379.98,4.761905,18.999,9.0
134-58-6132,C,Naypyitaw,Member,Male,Food and beverages,65.76,2,6.576,138.096,03/16/2019,11:05,Ewallet,131.52,4.761905,6.576,7.8
204-96-1914,C,Naypyitaw,Member,Male,Health and beauty,92.72,8,37.088,778.848,03/20/2019,20:27,Ewallet,741.76,4.761905,37.088,4.3
738-11-8428,C,Naypyitaw,Member,Female,Sports and travel,46.15,10,23.075,484.575,01/30/2019,19:50,Credit card,461.5,4.761905,23.075,8.5
436-85-4153,B,Mandalay,Normal,Female,Food and beverages,65.73,6,19.719,414.099,03/28/2019,10:29,Credit card,394.38,4.761905,19.719,7.9
621-42-6822,A,Yangon,Member,Male,Food and beverages,74.2,10,37.1,779.1,01/25/2019,19:08,Credit card,742.0,4.761905,37.1,8.7
767-55-6098,B,Mandalay,Normal,Female,Electronic accessories,31.88,1,1.594,33.474,02/09/2019,19:27,Credit card,31.88,4.761905,1.594,4.4
794-28-1939,C,Naypyitaw,Member,Male,Sports and travel,37.78,6,11.334,238.014,01/02/2019,18:37,Credit card,226.68,4.761905,11.334,5.7
783-70-8657,A,Yangon,Member,Female,Home and lifestyle,27.59,4,5.518,115.878,01/26/2019,11:21,Ewallet,110.36,4.761905,5.518,7.8
103-91-4654,C,Naypyitaw,Normal,Female,Food and beverages,36.97,6,11.091,232.911,02/28/2019,10:31,Ewallet,221.82,4.761905,11.091,5.0
288-10-6944,C,Naypyitaw,Member,Female,Food and beverages,29.18,8,11.672,245.112,02/12/2019,16:13,Cash,233.44,4.761905,11.672,8.4
144-13-4262,A,Yangon,Member,Female,Health and beauty,59.92,3,8.988,188.748,01/25/2019,20:37,Cash,179.76,4.761905,8.988,5.7
122-32-5289,A,Yangon,Normal,Male,Electronic accessories,89.68,3,13.452,282.492,03/12/2019,13:11,Ewallet,269.04,4.761905,13.452,6.0
478-57-3807,A,Yangon,Member,Male,Sports and travel,68.94,2,6.894,144.774,01/27/2019,14:29,Ewallet,137.88,4.761905,6.894,6.0
483-50-8037,C,Naypyitaw,Normal,Male,Health and beauty,23.0,3,3.45,72.45,01/25/2019,18:24,Credit card,69.0,4.761905,3.45,8.8
744-45-3071,C,Naypyitaw,Member,Male,Food and beverages,62.86,9,28.287,594.027,01/20/2019,15:15,Ewallet,565.74,4.761905,28.287,5.8
497-92-9342,C,Naypyitaw,Normal,Male,Fashion accessories,17.33,8,6.932,145.572,03/20/2019,11:10,Credit card,138.64,4.761905,6.932,8.7
695-61-1599,B,Mandalay,Normal,Female,Electronic accessories,38.96,6,11.688,245.448,03/03/2019,17:30,Cash,233.76,4.761905,11.688,7.2
962-57-5170,A,Yangon,Member,Male,Sports and travel,87.69,7,30.6915,644.5215,02/24/2019,16:36,Ewallet,613.83,4.761905,30.6915,5.3
736-53-7981,C,Naypyitaw,Member,Male,Health and beauty,36.55,9,16.4475,345.3975,03/16/2019,10:29,Credit card,328.95,4.761905,16.4475,6.1
339-43-2243,B,Mandalay,Normal,Female,Sports and travel,43.08,8,17.232,361.872,02/18/2019,10:11,Cash,344.64,4.761905,17.232,5.9
468-14-9946,B,Mandalay,Member,Female,Food and beverages,56.15,2,5.615,117.915,01/30/2019,11:07,Ewallet,112.3,4.761905,5.615,8.7
718-27-9898,A,Yangon,Normal,Male,Fashion accessories,39.63,5,9.9075,208.0575,03/29/2019,14:12,Credit card,198.15,4.761905,9.9075,8.5
769-75-3445,B,Mandalay,Member,Female,Home and lifestyle,84.01,7,29.4035,617.4735,03/16/2019,20:00,Cash,588.07,4.761905,29.4035,9.7
839-69-6581,B,Mandalay,Member,Male,Fashion accessories,77.42,8,30.968,650.328,03/17/2019,18:48,Cash,619.36,4.761905,30.968,5.4
242-83-3102,A,Yangon,Normal,Male,Sports and travel,79.31,7,27.7585,582.9285,02/27/2019,18:01,Cash,555.17,4.761905,27.7585,5.3
881-98-9808,B,Mandalay,Member,Female,Fashion accessories,85.09,6,25.527,536.067,02/24/2019,20:48,Cash,510.54,4.761905,25.527,5.4
722-83-7404,B,Mandalay,Normal,Male,Food and beverages,80.68,3,12.102,254.142,02/12/2019,19:40,Credit card,242.04,4.761905,12.102,4.9
411-21-3808,B,Mandalay,Member,Female,Health and beauty,58.1,4,11.62,244.02,02/12/2019,19:28,Credit card,232.4,4.761905,11.62,6.8
338-47-9591,A,Yangon,Member,Male,Fashion accessories,64.3,1,3.215,67.515,01/09/2019,16:18,Ewallet,64.3,4.761905,3.215,5.1
232-78-7855,A,Yangon,Normal,Male,Home and lifestyle,56.67,3,8.5005,178.5105,02/22/2019,16:10,Ewallet,170.01,4.761905,8.5005,6.0
688-49-4325,B,Mandalay,Member,Female,Electronic accessories,21.69,4,4.338,91.098,03/27/2019,17:10,Credit card,86.76,4.761905,4.338,5.9
638-52-9043,C,Naypyitaw,Normal,Female,Electronic accessories,10.67,3,1.6005,33.6105,02/21/2019,19:51,Ewallet,32.01,4.761905,1.6005,6.7
525-41-3942,B,Mandalay,Normal,Male,Fashion accessories,18.2,8,7.28,152.88,02/08/2019,16:39,Ewallet,145.6,4.761905,7.28,6.1
345-30-5485,C,Naypyitaw,Normal,Female,Sports and travel,91.97,3,13.7955,289.7055,01/13/2019,16:44,Ewallet,275.91,4.761905,13.7955,8.2
178-23-9264,C,Naypyitaw,Normal,Male,Fashion accessories,75.39,4,15.078,316.638,02/22/2019,18:07,Cash,301.56,4.761905,15.078,9.5
791-69-7244,B,Mandalay,Normal,Female,Electronic accessories,32.75,9,14.7375,309.4875,01/04/2019,11:40,Credit card,294.75,4.761905,14.7375,4.3
575-72-8558,B,Mandalay,Normal,Male,Sports and travel,13.4,5,3.35,70.35,01/18/2019,15:42,Credit card,67.0,4.761905,3.35,4.7
721-22-3903,A,Yangon,Member,Male,Fashion accessories,95.5,3,14.325,300.825,02/05/2019,12:10,Ewallet,286.5,4.761905,14.325,6.8
321-14-9721,B,Mandalay,Member,Female,Electronic accessories,16.98,1,0.849,17.829,01/20/2019,17:22,Ewallet,16.98,4.761905,0.849,8.1
104-16-7183,A,Yangon,Normal,Male,Fashion accessories,83.04,2,8.304,174.384,02/09/2019,17:03,Credit card,166.08,4.761905,8.304,6.3
796-95-2035,A,Yangon,Member,Female,Electronic accessories,28.0,1,1.4,29.4,01/02/2019,15:52,Ewallet,28.0,4.761905,1.4,6.5
294-89-4393,A,Yangon,Member,Male,Fashion accessories,25.03,7,8.7605,183.9705,02/11/2019,15:35,Credit card,175.21,4.761905,8.7605,7.1
423-11-7376,C,Naypyitaw,Normal,Female,Health and beauty,30.92,2,3.092,64.932,01/23/2019,10:25,Credit card,61.84,4.761905,3.092,6.1
520-48-9185,A,Yangon,Normal,Male,Health and beauty,69.22,5,17.305,363.405,02/17/2019,10:04,Ewallet,346.1,4.761905,17.305,7.9
750-98-6209,A,Yangon,Member,Female,Health and beauty,63.99,7,22.3965,470.3265,03/30/2019,12:21,Ewallet,447.93,4.761905,22.3965,8.1
615-85-1217,C,Naypyitaw,Normal,Male,Home and lifestyle,11.59,10,5.795,121.695,03/07/2019,20:47,Ewallet,115.9,4.761905,5.795,6.7
483-73-5859,A,Yangon,Member,Male,Home and lifestyle,31.28,7,10.948,229.908,03/21/2019,11:03,Ewallet,218.96,4.761905,10.948,8.5
237-45-6202,A,Yangon,Member,Female,Electronic accessories,67.78,4,13.556,284.676,03/18/2019,17:47,Cash,271.12,4.761905,13.556,9.5
652-16-5068,C,Naypyitaw,Member,Female,Fashion accessories,83.14,1,4.157,87.297,02/12/2019,15:15,Ewallet,83.14,4.761905,4.157,5.4
153-91-3318,C,Naypyitaw,Member,Female,Food and beverages,38.95,8,15.58,327.18,01/09/2019,17:04,Ewallet,311.6,4.761905,15.58,7.8
418-31-4236,A,Yangon,Member,Male,Electronic accessories,63.34,4,12.668,266.028,01/11/2019,16:46,Cash,253.36,4.761905,12.668,5.4
181-56-7524,A,Yangon,Normal,Male,Food and beverages,32.41,5,8.1025,170.1525,03/23/2019,13:17,Cash,162.05,4.761905,8.1025,7.5
537-20-5918,B,Mandalay,Member,Female,Sports and travel,48.04,10,24.02,504.42,01/20/2019,17:01,Cash,480.4,4.761905,24.02,8.4
173-52-3238,C,Naypyitaw,Member,Male,Home and lifestyle,44.24,5,11.06,232.26,02/18/2019,18:38,Cash,221.2,4.761905,11.06,6.7
525-60-7113,C,Naypyitaw,Normal,Male,Electronic accessories,92.45,1,4.6225,97.0725,03/06/2019,15:31,Cash,92.45,4.761905,4.6225,4.1
266-34-8148,B,Mandalay,Normal,Female,Fashion accessories,98.88,2,9.888,207.648,01/05/2019,11:24,Credit card,197.76,4.761905,9.888,6.5
135-56-1462,B,Mandalay,Normal,Female,Fashion accessories,71.96,1,3.598,75.558,02/24/2019,13:15,Cash,71.96,4.761905,3.598,7.9
112-24-2512,C,Naypyitaw,Member,Female,Food and beverages,50.99,3,7.6485,160.6185,03/19/2019,19:42,Ewallet,152.97,4.761905,7.6485,5.5
358-98-5951,C,Naypyitaw,Normal,Female,Fashion accessories,62.75,2,6.275,131.775,01/25/2019,16:10,Cash,125.5,4.761905,6.275,7.1
375-36-7520,C,Naypyitaw,Normal,Female,Fashion accessories,47.04,2,4.704,98.784,03/15/2019,15:52,Ewallet,94.08,4.761905,4.704,4.7
770-46-8060,C,Naypyitaw,Normal,Male,Electronic accessories,83.48,1,4.174,87.654,03/31/2019,16:33,Cash,83.48,4.761905,4.174,4.6
933-37-4041,A,Yangon,Member,Female,Electronic accessories,73.36,4,14.672,308.112,03/06/2019,11:28,Credit card,293.44,4.761905,14.672,6.9
270-20-5802,A,Yangon,Member,Male,Electronic accessories,33.34,7,11.669,245.049,03/21/2019,11:55,Credit card,233.38,4.761905,11.669,6.6
109-17-5359,A,Yangon,Normal,Male,Home and lifestyle,15.78,1,0.789,16.569,03/03/2019,17:43,Ewallet,15.78,4.761905,0.789,7.5
584-53-8036,A,Yangon,Member,Male,Electronic accessories,57.01,1,2.8505,59.8605,03/08/2019,14:59,Cash,57.01,4.761905,2.8505,6.3
994-52-2641,B,Mandalay,Normal,Female,Home and lifestyle,83.52,6,25.056,526.176,02/18/2019,19:03,Cash,501.12,4.761905,25.056,8.0
869-41-7036,A,Yangon,Normal,Female,Fashion accessories,85.19,3,12.7785,268.3485,01/16/2019,18:17,Credit card,255.57,4.761905,12.7785,4.2
433-96-8279,B,Mandalay,Normal,Female,Fashion accessories,26.91,6,8.073,169.533,02/16/2019,10:51,Credit card,161.46,4.761905,8.073,4.1
202-59-5814,A,Yangon,Normal,Female,Fashion accessories,65.13,2,6.513,136.773,03/02/2019,20:54,Credit card,130.26,4.761905,6.513,6.1
661-69-3753,C,Naypyitaw,Member,Male,Food and beverages,88.86,9,39.987,839.727,03/05/2019,11:19,Credit card,799.74,4.761905,39.987,4.2
832-13-3625,B,Mandalay,Member,Female,Fashion accessories,58.66,4,11.732,246.372,03/26/2019,11:06,Cash,234.64,4.761905,11.732,5.3
647-91-9060,B,Mandalay,Normal,Female,Electronic accessories,74.73,8,29.892,627.732,03/27/2019,11:42,Ewallet,597.84,4.761905,29.892,9.7
860-58-8159,A,Yangon,Normal,Male,Food and beverages,78.97,10,39.485,829.185,02/13/2019,16:58,Credit card,789.7,4.761905,39.485,4.4
686-57-3087,A,Yangon,Member,Female,Health and beauty,36.19,2,3.619,75.999,03/17/2019,13:47,Ewallet,72.38,4.761905,3.619,4.5
916-96-3069,B,Mandalay,Normal,Male,Home and lifestyle,15.57,9,7.0065,147.1365,02/19/2019,16:20,Cash,140.13,4.761905,7.0065,5.1
566-28-5643,C,Naypyitaw,Member,Male,Sports and travel,10.83,8,4.332,90.972,02/07/2019,13:31,Credit card,86.64,4.761905,4.332,5.9
606-47-7171,A,Yangon,Member,Female,Home and lifestyle,55.21,2,5.521,115.941,03/15/2019,17:40,Ewallet,110.42,4.761905,5.521,5.6
844-60-5900,A,Yangon,Normal,Male,Fashion accessories,28.96,4,5.792,121.632,01/07/2019,12:54,Cash,115.84,4.761905,5.792,8.2
640-46-5626,C,Naypyitaw,Member,Male,Food and beverages,45.31,7,15.8585,333.0285,02/14/2019,16:25,Ewallet,317.17,4.761905,15.8585,8.1
267-83-3253,C,Naypyitaw,Member,Female,Health and beauty,21.78,10,10.89,228.69,01/07/2019,14:29,Credit card,217.8,4.761905,10.89,9.2
204-96-3418,B,Mandalay,Normal,Female,Electronic accessories,28.88,4,5.776,121.296,01/02/2019,15:46,Credit card,115.52,4.761905,5.776,8.4
446-85-8107,B,Mandalay,Normal,Male,Health and beauty,18.64,8,7.456,156.576,01/07/2019,11:32,Credit card,149.12,4.761905,7.456,5.1
863-58-2468,A,Yangon,Normal,Male,Health and beauty,20.69,7,7.2415,152.0715,03/30/2019,19:11,Credit card,144.83,4.761905,7.2415,6.9
756-95-9351,B,Mandalay,Normal,Female,Fashion accessories,68.79,6,20.637,433.377,01/15/2019,11:07,Cash,412.74,4.761905,20.637,4.1
819-65-5888,A,Yangon,Member,Female,Home and lifestyle,72.44,2,7.244,152.124,01/24/2019,16:30,Credit card,144.88,4.761905,7.244,8.8
937-78-9684,C,Naypyitaw,Member,Male,Home and lifestyle,15.71,9,7.0695,148.4595,03/31/2019,10:25,Credit card,141.39,4.761905,7.0695,5.1
557-50-3015,B,Mandalay,Member,Male,Electronic accessories,96.91,2,9.691,203.511,03/18/2019,12:00,Credit card,193.82,4.761905,9.691,5.1
405-56-9919,A,Yangon,Member,Male,Fashion accessories,24.51,9,11.0295,231.6195,01/05/2019,11:07,Credit card,220.59,4.761905,11.0295,5.5
243-83-9035,A,Yangon,Normal,Male,Electronic accessories,37.05,9,16.6725,350.1225,02/07/2019,20:34,Cash,333.45,4.761905,16.6725,9.4
292-28-5910,C,Naypyitaw,Normal,Female,Food and beverages,58.44,4,11.688,245.448,03/26/2019,10:15,Ewallet,233.76,4.761905,11.688,8.1
366-58-3675,A,Yangon,Member,Male,Food and beverages,42.32,3,6.348,133.308,02/24/2019,11:35,Cash,126.96,4.761905,6.348,8.4
748-99-4156,B,Mandalay,Normal,Male,Home and lifestyle,70.89,3,10.6335,223.3035,01/10/2019,20:46,Cash,212.67,4.761905,10.6335,7.2
353-19-5425,C,Naypyitaw,Normal,Male,Sports and travel,83.94,6,25.182,528.822,02/25/2019,16:01,Credit card,503.64,4.761905,25.182,10.0
380-11-2604,A,Yangon,Member,Female,Health and beauty,39.64,2,3.964,83.244,02/12/2019,14:09,Ewallet,79.28,4.761905,3.964,6.2
197-77-6716,B,Mandalay,Member,Female,Health and beauty,80.45,2,8.045,168.945,02/09/2019,19:52,Cash,160.9,4.761905,8.045,5.1
794-78-7597,C,Naypyitaw,Normal,Female,Food and beverages,18.92,1,0.946,19.866,02/19/2019,12:22,Credit card,18.92,4.761905,0.946,5.0
373-16-7064,B,Mandalay,Member,Female,Health and beauty,71.8,3,10.77,226.17,01/19/2019,16:36,Credit card,215.4,4.761905,10.77,7.9
538-76-4748,C,Naypyitaw,Member,Female,Fashion accessories,51.2,8,20.48,430.08,03/01/2019,18:18,Cash,409.6,4.761905,20.48,9.9
689-17-2385,B,Mandalay,Member,Female,Sports and travel,79.35,2,7.935,166.635,01/10/2019,13:05,Ewallet,158.7,4.761905,7.935,7.8
801-96-9722,C,Naypyitaw,Normal,Female,Health and beauty,96.59,7,33.8065,709.9365,01/18/2019,17:31,Credit card,676.13,4.761905,33.8065,8.1
350-94-9652,C,Naypyitaw,Member,Female,Health and beauty,65.47,1,3.2735,68.7435,03/31/2019,18:47,Cash,65.47,4.761905,3.2735,8.3
626-55-1834,C,Naypyitaw,Member,Female,Electronic accessories,70.71,9,31.8195,668.2095,01/23/2019,11:23,Ewallet,636.39,4.761905,31.8195,9.4
971-25-5752,B,Mandalay,Normal,Female,Electronic accessories,43.6,2,4.36,91.56,03/28/2019,13:53,Credit card,87.2,4.761905,4.36,6.0
574-89-8999,B,Mandalay,Normal,Female,Home and lifestyle,29.18,10,14.59,306.39,02/09/2019,20:32,Ewallet,291.8,4.761905,14.59,6.4
290-61-6808,A,Yangon,Normal,Male,Food and beverages,51.43,5,12.8575,270.0075,01/01/2019,15:56,Credit card,257.15,4.761905,12.8575,6.1
107-29-5098,A,Yangon,Member,Female,Sports and travel,27.78,9,12.501,262.521,01/20/2019,16:07,Cash,250.02,4.761905,12.501,7.1
772-66-3651,A,Yangon,Normal,Female,Home and lifestyle,36.94,7,12.929,271.509,03/10/2019,14:06,Cash,258.58,4.761905,12.929,9.4
531-52-1517,A,Yangon,Normal,Female,Health and beauty,42.33,4,8.466,177.786,02/06/2019,10:08,Cash,169.32,4.761905,8.466,4.7
831-26-6322,A,Yangon,Member,Female,Fashion accessories,98.46,2,9.846,206.766,03/12/2019,17:51,Credit card,196.92,4.761905,9.846,6.5
342-16-6605,B,Mandalay,Normal,Male,Health and beauty,96.19,1,4.8095,100.9995,02/14/2019,18:00,Credit card,96.19,4.761905,4.8095,4.8
846-75-4061,B,Mandalay,Member,Female,Sports and travel,36.05,8,14.42,302.82,02/24/2019,13:39,Ewallet,288.4,4.761905,14.42,4.5
901-23-9230,A,Yangon,Normal,Male,Home and lifestyle,99.48,4,19.896,417.816,02/24/2019,13:30,Credit card,397.92,4.761905,19.896,8.0
296-28-7984,C,Naypyitaw,Member,Male,Food and beverages,66.6,3,9.99,209.79,01/17/2019,16:02,Cash,199.8,4.761905,9.99,5.4
536-71-2005,A,Yangon,Member,Male,Health and beauty,44.23,9,19.9035,417.9735,03/23/2019,13:14,Cash,398.07,4.761905,19.9035,5.8
148-33-1669,C,Naypyitaw,Normal,Male,Home and lifestyle,19.9,6,5.97,125.37,02/14/2019,16:15,Cash,119.4,4.761905,5.97,5.7
603-56-6476,A,Yangon,Member,Female,Electronic accessories,35.68,5,8.92,187.32,01/13/2019,16:11,Cash,178.4,4.761905,8.92,9.5
929-56-9664,B,Mandalay,Member,Male,Fashion accessories,11.23,9,5.0535,106.1235,01/17/2019,15:23,Credit card,101.07,4.761905,5.0535,8.6
716-25-1672,C,Naypyitaw,Normal,Male,Fashion accessories,34.84,10,17.42,365.82,01/14/2019,12:40,Credit card,348.4,4.761905,17.42,6.3
842-70-4309,C,Naypyitaw,Member,Male,Fashion accessories,50.12,2,5.012,105.252,03/11/2019,19:21,Cash,100.24,4.761905,5.012,4.4
559-90-2923,C,Naypyitaw,Member,Male,Electronic accessories,27.25,9,12.2625,257.5125,03/13/2019,15:57,Cash,245.25,4.761905,12.2625,8.3
232-47-1744,B,Mandalay,Member,Female,Sports and travel,57.14,9,25.713,539.973,01/22/2019,19:17,Credit card,514.26,4.761905,25.713,8.7
868-75-7293,C,Naypyitaw,Member,Male,Fashion accessories,83.31,8,33.324,699.804,03/07/2019,11:10,Cash,666.48,4.761905,33.324,8.1
109-75-8461,C,Naypyitaw,Normal,Female,Food and beverages,34.43,3,5.1645,108.4545,03/15/2019,13:37,Credit card,103.29,4.761905,5.1645,4.0
343-47-1640,C,Naypyitaw,Normal,Female,Electronic accessories,36.67,5,9.1675,192.5175,01/22/2019,13:02,Credit card,183.35,4.761905,9.1675,7.3
101-93-6692,C,Naypyitaw,Member,Female,Electronic accessories,34.34,1,1.717,36.057,02/01/2019,13:34,Ewallet,34.34,4.761905,1.717,7.9
401-51-1938,C,Naypyitaw,Normal,Female,Health and beauty,95.18,9,42.831,899.451,01/18/2019,16:57,Credit card,856.62,4.761905,42.831,5.6
208-98-7258,C,Naypyitaw,Member,Female,Electronic accessories,75.74,5,18.935,397.635,01/03/2019,18:42,Credit card,378.7,4.761905,18.935,5.1
337-65-7039,C,Naypyitaw,Normal,Male,Sports and travel,29.86,5,7.465,156.765,03/22/2019,16:09,Cash,149.3,4.761905,7.465,5.2
846-33-5621,A,Yangon,Normal,Male,Sports and travel,26.34,3,3.951,82.971,01/23/2019,13:36,Cash,79.02,4.761905,3.951,8.9
565-92-7594,A,Yangon,Normal,Male,Electronic accessories,83.57,10,41.785,877.485,01/19/2019,11:27,Ewallet,835.7,4.761905,41.785,5.1
235-41-2369,A,Yangon,Member,Male,Food and beverages,18.98,7,6.643,139.503,01/02/2019,20:59,Ewallet,132.86,4.761905,6.643,4.1
591-82-8279,B,Mandalay,Member,Male,Health and beauty,96.19,2,9.619,201.999,02/13/2019,11:12,Ewallet,192.38,4.761905,9.619,7.3
121-15-2684,A,Yangon,Normal,Female,Sports and travel,23.91,1,1.1955,25.1055,02/04/2019,20:34,Ewallet,23.91,4.761905,1.1955,7.3
494-28-6788,C,Naypyitaw,Normal,Male,Food and beverages,89.78,7,31.423,659.883,01/29/2019,10:14,Cash,628.46,4.761905,31.423,4.9
465-19-6467,C,Naypyitaw,Normal,Male,Fashion accessories,44.63,2,4.463,93.723,01/15/2019,13:06,Cash,89.26,4.761905,4.463,7.0
535-29-5940,A,Yangon,Normal,Male,Health and beauty,64.41,3,9.6615,202.8915,02/12/2019,19:11,Credit card,193.23,4.761905,9.6615,6.6
982-29-3401,C,Naypyitaw,Normal,Female,Health and beauty,34.4,8,13.76,288.96,02/03/2019,11:50,Ewallet,275.2,4.761905,13.76,8.0
385-28-2481,B,Mandalay,Member,Female,Sports and travel,74.92,8,29.968,629.328,01/15/2019,19:27,Credit card,599.36,4.761905,29.968,8.9
441-27-5028,B,Mandalay,Member,Male,Sports and travel,41.73,8,16.692,350.532,03/30/2019,16:38,Credit card,333.84,4.761905,16.692,6.5
832-63-9633,B,Mandalay,Normal,Female,Food and beverages,58.04,9,26.118,548.478,01/30/2019,16:05,Credit card,522.36,4.761905,26.118,7.2
236-24-1976,C,Naypyitaw,Member,Male,Electronic accessories,42.55,4,8.51,178.71,01/03/2019,15:35,Cash,170.2,4.761905,8.51,10.0
157-27-2920,B,Mandalay,Normal,Male,Home and lifestyle,51.43,9,23.1435,486.0135,02/23/2019,13:13,Ewallet,462.87,4.761905,23.1435,9.8
175-71-3591,C,Naypyitaw,Member,Female,Fashion accessories,12.37,7,4.3295,90.9195,03/31/2019,11:42,Credit card,86.59,4.761905,4.3295,6.2
581-27-9641,A,Yangon,Member,Female,Electronic accessories,17.11,2,1.711,35.931,02/23/2019,12:48,Ewallet,34.22,4.761905,1.711,4.1
259-17-1526,C,Naypyitaw,Normal,Female,Sports and travel,75.03,8,30.012,630.252,03/30/2019,10:18,Ewallet,600.24,4.761905,30.012,8.7
685-74-6014,C,Naypyitaw,Member,Male,Health and beauty,45.68,7,15.988,335.748,02/28/2019,18:45,Cash,319.76,4.761905,15.988,8.1
157-38-7427,C,Naypyitaw,Member,Female,Electronic accessories,34.46,2,3.446,72.366,01/17/2019,13:25,Credit card,68.92,4.761905,3.446,7.1
762-64-4190,A,Yangon,Member,Female,Sports and travel,38.19,7,13.3665,280.6965,01/22/2019,10:51,Cash,267.33,4.761905,13.3665,9.0
166-37-1179,B,Mandalay,Member,Male,Health and beauty,42.64,6,12.792,268.632,02/06/2019,12:34,Ewallet,255.84,4.761905,12.792,4.2
909-71-1748,B,Mandalay,Member,Male,Fashion accessories,93.63,4,18.726,393.246,03/14/2019,19:02,Credit card,374.52,4.761905,18.726,5.6
869-60-6830,A,Yangon,Normal,Male,Home and lifestyle,10.76,6,3.228,67.788,02/20/2019,18:12,Cash,64.56,4.761905,3.228,8.5
588-85-1612,A,Yangon,Member,Female,Sports and travel,90.69,9,40.8105,857.0205,01/20/2019,10:37,Cash,816.21,4.761905,40.8105,4.6
769-28-3638,B,Mandalay,Member,Male,Fashion accessories,51.68,2,5.168,108.528,01/30/2019,13:51,Credit card,103.36,4.761905,5.168,9.7
892-97-7350,C,Naypyitaw,Normal,Female,Electronic accessories,40.51,6,12.153,255.213,02/25/2019,10:57,Credit card,243.06,4.761905,12.153,7.7
660-21-9174,A,Yangon,Member,Male,Electronic accessories,61.02,8,24.408,512.568,01/02/2019,12:49,Cash,488.16,4.761905,24.408,4.6
172-32-8548,A,Yangon,Normal,Female,Electronic accessories,94.07,3,14.1105,296.3205,03/15/2019,15:22,Ewallet,282.21,4.761905,14.1105,4.4
979-46-7568,B,Mandalay,Normal,Female,Sports and travel,68.53,3,10.2795,215.8695,03/14/2019,17:02,Cash,205.59,4.761905,10.2795,9.6
618-67-5306,B,Mandalay,Member,Female,Home and lifestyle,56.12,10,28.06,589.26,02/17/2019,11:43,Cash,561.2,4.761905,28.06,9.7
683-61-2195,C,Naypyitaw,Member,Male,Fashion accessories,81.15,9,36.5175,766.8675,01/14/2019,14:24,Ewallet,730.35,4.761905,36.5175,4.0
284-23-7503,A,Yangon,Normal,Female,Fashion accessories,18.42,8,7.368,154.728,03/10/2019,17:06,Ewallet,147.36,4.761905,7.368,6.8
587-24-5560,B,Mandalay,Member,Female,Home and lifestyle,15.8,6,4.74,99.54,03/04/2019,13:44,Credit card,94.8,4.761905,4.74,10.0
163-56-8046,B,Mandalay,Member,Male,Sports and travel,23.1,4,4.62,97.02,01/05/2019,19:49,Cash,92.4,4.761905,4.62,5.9
170-45-7636,B,Mandalay,Member,Male,Electronic accessories,88.12,7,30.842,647.682,03/23/2019,12:05,Ewallet,616.84,4.761905,30.842,5.6
450-48-3695,A,Yangon,Normal,Female,Sports and travel,57.23,5,14.3075,300.4575,01/07/2019,11:57,Cash,286.15,4.761905,14.3075,5.1
684-59-1162,A,Yangon,Normal,Female,Sports and travel,52.79,3,7.9185,166.2885,02/25/2019,15:58,Credit card,158.37,4.761905,7.9185,9.8
569-28-9182,C,Naypyitaw,Member,Male,Fashion accessories,70.12,10,35.06,736.26,03/27/2019,15:00,Ewallet,701.2,4.761905,35.06,4.9
692-22-1597,B,Mandalay,Member,Female,Home and lifestyle,56.86,1,2.843,59.703,01/17/2019,20:28,Credit card,56.86,4.761905,2.843,9.9
795-83-1235,A,Yangon,Member,Female,Fashion accessories,59.15,3,8.8725,186.3225,01/28/2019,15:13,Ewallet,177.45,4.761905,8.8725,7.6
523-62-6762,B,Mandalay,Normal,Male,Home and lifestyle,90.7,9,40.815,857.115,01/16/2019,17:41,Cash,816.3,4.761905,40.815,8.9
655-65-7251,B,Mandalay,Normal,Female,Health and beauty,93.37,8,37.348,784.308,01/23/2019,18:38,Ewallet,746.96,4.761905,37.348,6.6
731-62-2698,B,Mandalay,Normal,Female,Fashion accessories,65.83,2,6.583,138.243,01/14/2019,11:41,Ewallet,131.66,4.761905,6.583,10.0
664-58-2875,B,Mandalay,Member,Female,Food and beverages,62.31,1,3.1155,65.4255,02/23/2019,13:14,Cash,62.31,4.761905,3.1155,8.0
900-38-9315,A,Yangon,Normal,Male,Home and lifestyle,97.09,8,38.836,815.556,03/24/2019,16:00,Cash,776.72,4.761905,38.836,6.5
126-29-7134,B,Mandalay,Normal,Female,Home and lifestyle,85.46,7,29.911,628.131,01/01/2019,16:02,Ewallet,598.22,4.761905,29.911,8.0
502-16-8030,C,Naypyitaw,Normal,Female,Electronic accessories,96.32,7,33.712,707.952,02/20/2019,13:39,Credit card,674.24,4.761905,33.712,5.5
616-25-7422,A,Yangon,Normal,Male,Sports and travel,91.38,9,41.121,863.541,01/30/2019,11:45,Ewallet,822.42,4.761905,41.121,5.0
256-13-9907,C,Naypyitaw,Normal,Male,Home and lifestyle,28.34,2,2.834,59.514,01/02/2019,20:49,Credit card,56.68,4.761905,2.834,4.2
327-48-4175,A,Yangon,Normal,Male,Fashion accessories,76.08,8,30.432,639.072,02/15/2019,12:15,Credit card,608.64,4.761905,30.432,7.8
693-23-2817,C,Naypyitaw,Member,Female,Home and lifestyle,69.33,5,17.3325,363.9825,01/19/2019,20:01,Credit card,346.65,4.761905,17.3325,4.5
500-22-9045,B,Mandalay,Member,Male,Electronic accessories,35.42,3,5.313,111.573,03/05/2019,15:58,Ewallet,106.26,4.761905,5.313,4.6
748-67-3639,A,Yangon,Normal,Male,Sports and travel,96.33,2,9.633,202.293,02/23/2019,16:56,Cash,192.66,4.761905,9.633,5.3
728-86-9953,A,Yangon,Normal,Male,Electronic accessories,69.37,10,34.685,728.385,01/16/2019,15:22,Cash,693.7,4.761905,34.685,9.1
321-56-2880,A,Yangon,Member,Female,Health and beauty,27.36,1,1.368,28.728,03/08/2019,18:48,Ewallet,27.36,4.761905,1.368,7.2
825-80-5822,A,Yangon,Member,Female,Electronic accessories,29.78,3,4.467,93.807,03/03/2019,13:05,Cash,89.34,4.761905,4.467,5.6
387-60-2685,B,Mandalay,Normal,Female,Food and beverages,95.17,4,19.034,399.714,01/26/2019,20:54,Credit card,380.68,4.761905,19.034,5.5
378-50-2762,C,Naypyitaw,Normal,Male,Electronic accessories,95.84,8,38.336,805.056,02/27/2019,16:38,Credit card,766.72,4.761905,38.336,6.6
623-42-7714,C,Naypyitaw,Normal,Female,Electronic accessories,61.04,6,18.312,384.552,01/09/2019,17:10,Ewallet,366.24,4.761905,18.312,9.4
320-94-7089,B,Mandalay,Normal,Female,Health and beauty,20.32,6,6.096,128.016,01/24/2019,15:15,Ewallet,121.92,4.761905,6.096,6.6
338-81-2085,B,Mandalay,Member,Female,Health and beauty,10.87,1,0.5435,11.4135,01/28/2019,17:36,Cash,10.87,4.761905,0.5435,8.3
761-63-8130,B,Mandalay,Normal,Male,Food and beverages,29.57,9,13.3065,279.4365,03/19/2019,20:04,Credit card,266.13,4.761905,13.3065,5.7
563-31-6355,B,Mandalay,Normal,Male,Electronic accessories,14.47,8,5.788,121.548,02/05/2019,16:07,Ewallet,115.76,4.761905,5.788,7.0
391-26-7599,C,Naypyitaw,Normal,Male,Food and beverages,11.91,1,0.5955,12.5055,03/15/2019,10:58,Cash,11.91,4.761905,0.5955,7.9
871-54-7559,A,Yangon,Member,Female,Fashion accessories,11.46,8,4.584,96.264,02/23/2019,14:17,Cash,91.68,4.761905,4.584,4.6
224-57-2683,A,Yangon,Normal,Female,Food and beverages,14.24,5,3.56,74.76,02/28/2019,17:54,Credit card,71.2,4.761905,3.56,8.2
295-57-9807,A,Yangon,Member,Male,Health and beauty,22.49,6,6.747,141.687,02/25/2019,13:10,Ewallet,134.94,4.761905,6.747,9.2
376-99-3790,A,Yangon,Member,Female,Health and beauty,19.97,5,4.9925,104.8425,02/12/2019,19:50,Cash,99.85,4.761905,4.9925,4.5
225-76-9644,A,Yangon,Normal,Male,Electronic accessories,38.74,3,5.811,122.031,02/22/2019,20:28,Credit card,116.22,4.761905,5.811,8.5
461-81-4971,A,Yangon,Normal,Female,Home and lifestyle,38.97,8,15.588,327.348,02/03/2019,14:45,Ewallet,311.76,4.761905,15.588,5.4
292-72-2712,C,Naypyitaw,Member,Male,Health and beauty,97.46,1,4.873,102.333,03/27/2019,13:29,Cash,97.46,4.761905,4.873,5.3
494-67-9412,B,Mandalay,Member,Female,Home and lifestyle,73.77,3,11.0655,232.3755,01/14/2019,12:14,Cash,221.31,4.761905,11.0655,9.1
572-23-2805,A,Yangon,Normal,Male,Health and beauty,35.01,3,5.2515,110.2815,03/15/2019,20:06,Ewallet,105.03,4.761905,5.2515,8.1
663-20-6806,A,Yangon,Member,Female,Electronic accessories,34.01,8,13.604,285.684,02/27/2019,15:16,Ewallet,272.08,4.761905,13.604,8.0
150-93-7267,B,Mandalay,Member,Male,Sports and travel,55.2,9,24.84,521.64,02/26/2019,14:23,Ewallet,496.8,4.761905,24.84,6.0
543-23-1817,C,Naypyitaw,Normal,Male,Home and lifestyle,27.05,3,4.0575,85.2075,03/09/2019,19:31,Credit card,81.15,4.761905,4.0575,7.6
382-38-7628,C,Naypyitaw,Member,Male,Electronic accessories,20.37,1,1.0185,21.3885,01/31/2019,11:34,Ewallet,20.37,4.761905,1.0185,7.5
394-86-5718,B,Mandalay,Normal,Male,Electronic accessories,76.05,5,19.0125,399.2625,01/22/2019,13:22,Credit card,380.25,4.761905,19.0125,7.0
797-18-3730,C,Naypyitaw,Member,Male,Electronic accessories,55.29,10,27.645,580.545,02/09/2019,13:10,Cash,552.9,4.761905,27.645,6.9
274-96-1159,A,Yangon,Normal,Female,Electronic accessories,96.6,8,38.64,811.44,01/03/2019,12:16,Ewallet,772.8,4.761905,38.64,6.6
397-39-9606,C,Naypyitaw,Normal,Female,Food and beverages,10.09,4,2.018,42.378,01/06/2019,10:36,Credit card,40.36,4.761905,2.018,6.8
598-42-6968,C,Naypyitaw,Member,Male,Health and beauty,19.0,6,5.7,119.7,02/14/2019,18:16,Credit card,114.0,4.761905,5.7,6.7
802-76-1339,B,Mandalay,Member,Female,Home and lifestyle,73.91,9,33.2595,698.4495,03/18/2019,17:07,Cash,665.19,4.761905,33.2595,8.6
541-56-4380,A,Yangon,Normal,Male,Fashion accessories,99.47,6,29.841,626.661,02/01/2019,19:47,Credit card,596.82,4.761905,29.841,7.0
997-77-3866,C,Naypyitaw,Member,Male,Sports and travel,67.49,5,16.8725,354.3225,03/28/2019,18:57,Cash,337.45,4.761905,16.8725,9.3
451-88-3014,B,Mandalay,Normal,Female,Sports and travel,63.02,5,15.755,330.855,01/06/2019,19:33,Credit card,315.1,4.761905,15.755,5.9
253-76-5747,B,Mandalay,Normal,Female,Home and lifestyle,19.92,1,0.996,20.916,03/29/2019,12:29,Credit card,19.92,4.761905,0.996,7.0
226-16-9001,C,Naypyitaw,Member,Female,Sports and travel,35.94,5,8.985,188.685,01/06/2019,13:18,Credit card,179.7,4.761905,8.985,4.1
904-74-3540,B,Mandalay,Member,Female,Home and lifestyle,69.42,1,3.471,72.891,01/18/2019,15:56,Cash,69.42,4.761905,3.471,4.3
463-41-7328,A,Yangon,Normal,Male,Fashion accessories,27.71,10,13.855,290.955,02/07/2019,13:02,Cash,277.1,4.761905,13.855,9.5
923-84-3280,B,Mandalay,Normal,Male,Home and lifestyle,92.82,10,46.41,974.61,03/14/2019,16:43,Cash,928.2,4.761905,46.41,5.9
572-79-4004,C,Naypyitaw,Member,Female,Electronic accessories,47.47,4,9.494,199.374,01/11/2019,14:36,Credit card,189.88,4.761905,9.494,5.8
537-69-7889,B,Mandalay,Normal,Male,Electronic accessories,57.39,6,17.217,361.557,03/29/2019,15:29,Cash,344.34,4.761905,17.217,7.0
905-41-9391,B,Mandalay,Normal,Male,Food and beverages,12.38,7,4.333,90.993,01/18/2019,19:58,Cash,86.66,4.761905,4.333,4.5
571-16-2387,B,Mandalay,Member,Female,Health and beauty,77.98,7,27.293,573.153,03/27/2019,10:29,Credit card,545.86,4.761905,27.293,4.8
224-84-9369,A,Yangon,Normal,Male,Home and lifestyle,63.49,5,15.8725,333.3225,03/30/2019,15:55,Ewallet,317.45,4.761905,15.8725,7.4
408-90-6093,C,Naypyitaw,Member,Male,Food and beverages,22.97,8,9.188,192.948,03/28/2019,20:54,Ewallet,183.76,4.761905,9.188,4.8
632-22-5050,C,Naypyitaw,Member,Female,Food and beverages,71.9,2,7.19,150.99,01/20/2019,19:56,Ewallet,143.8,4.761905,7.19,4.4
288-40-9957,A,Yangon,Member,Female,Health and beauty,84.95,8,33.98,713.58,01/16/2019,14:25,Cash,679.6,4.761905,33.98,6.3
859-99-9956,B,Mandalay,Normal,Male,Sports and travel,23.16,1,1.158,24.318,03/26/2019,13:10,Credit card,23.16,4.761905,1.158,5.1
500-59-2758,A,Yangon,Normal,Female,Home and lifestyle,36.05,2,3.605,75.705,03/05/2019,15:42,Cash,72.1,4.761905,3.605,9.8
134-92-8282,B,Mandalay,Normal,Female,Electronic accessories,12.52,8,5.008,105.168,02/19/2019,10:37,Cash,100.16,4.761905,5.008,4.7
315-54-9602,A,Yangon,Normal,Male,Sports and travel,89.42,8,35.768,751.128,01/21/2019,15:32,Credit card,715.36,4.761905,35.768,5.7
410-60-2117,B,Mandalay,Member,Male,Fashion accessories,23.63,10,11.815,248.115,01/18/2019,14:50,Credit card,236.3,4.761905,11.815,6.0
232-99-6309,C,Naypyitaw,Normal,Female,Sports and travel,64.53,3,9.6795,203.2695,03/06/2019,20:33,Cash,193.59,4.761905,9.6795,7.5
587-51-4793,C,Naypyitaw,Normal,Female,Health and beauty,14.04,3,2.106,44.226,03/27/2019,11:31,Credit card,42.12,4.761905,2.106,5.4
356-24-1613,C,Naypyitaw,Member,Male,Electronic accessories,75.53,7,26.4355,555.1455,02/23/2019,11:03,Credit card,528.71,4.761905,26.4355,8.5
486-27-4272,C,Naypyitaw,Member,Female,Home and lifestyle,64.59,1,3.2295,67.8195,02/11/2019,11:44,Cash,64.59,4.761905,3.2295,9.5
928-34-2409,A,Yangon,Normal,Female,Sports and travel,71.1,4,14.22,298.62,01/21/2019,16:52,Credit card,284.4,4.761905,14.22,5.2
985-19-6582,C,Naypyitaw,Member,Male,Electronic accessories,12.99,3,1.9485,40.9185,02/16/2019,16:36,Credit card,38.97,4.761905,1.9485,9.4
973-27-2100,A,Yangon,Normal,Male,Electronic accessories,61.33,8,24.532,515.172,02/15/2019,19:57,Credit card,490.64,4.761905,24.532,7.0
336-16-9856,B,Mandalay,Normal,Female,Health and beauty,61.22,3,9.183,192.843,02/08/2019,11:07,Cash,183.66,4.761905,9.183,8.7
394-19-9755,B,Mandalay,Member,Male,Home and lifestyle,93.0,5,23.25,488.25,02/15/2019,11:55,Ewallet,465.0,4.761905,23.25,6.3
768-13-1528,C,Naypyitaw,Member,Female,Sports and travel,65.68,9,29.556,620.676,01/15/2019,19:30,Cash,591.12,4.761905,29.556,8.2
999-17-4860,B,Mandalay,Normal,Female,Electronic accessories,40.11,1,2.0055,42.1155,03/12/2019,15:59,Credit card,40.11,4.761905,2.0055,4.8
590-26-5432,B,Mandalay,Member,Male,Home and lifestyle,98.3,7,34.405,722.505,03/20/2019,11:56,Credit card,688.1,4.761905,34.405,7.6
121-17-1431,C,Naypyitaw,Member,Male,Health and beauty,54.69,4,10.938,229.698,02/25/2019,17:19,Ewallet,218.76,4.761905,10.938,7.9
537-80-3257,A,Yangon,Normal,Male,Food and beverages,53.4,7,18.69,392.49,03/31/2019,12:27,Credit card,373.8,4.761905,18.69,8.6
343-39-2507,A,Yangon,Normal,Male,Food and beverages,98.43,6,29.529,620.109,02/13/2019,16:58,Ewallet,590.58,4.761905,29.529,6.1
178-17-3076,C,Naypyitaw,Member,Male,Sports and travel,77.27,9,34.7715,730.2015,01/02/2019,13:52,Ewallet,695.43,4.761905,34.7715,7.4
507-71-3005,B,Mandalay,Member,Female,Health and beauty,38.27,10,19.135,401.835,02/01/2019,14:08,Credit card,382.7,4.761905,19.135,7.9
409-56-5795,C,Naypyitaw,Member,Male,Home and lifestyle,94.45,4,18.89,396.69,02/15/2019,13:28,Credit card,377.8,4.761905,18.89,7.0
597-45-2285,C,Naypyitaw,Member,Female,Home and lifestyle,72.8,9,32.76,687.96,02/14/2019,16:45,Credit card,655.2,4.761905,32.76,4.6
550-93-8434,A,Yangon,Member,Male,Home and lifestyle,76.77,4,15.354,322.434,01/19/2019,10:15,Credit card,307.08,4.761905,15.354,4.7
493-73-1308,A,Yangon,Member,Female,Health and beauty,34.33,10,17.165,360.465,01/11/2019,10:17,Credit card,343.3,4.761905,17.165,6.3
412-14-9872,B,Mandalay,Normal,Female,Health and beauty,30.2,7,10.57,221.97,02/25/2019,18:03,Credit card,211.4,4.761905,10.57,5.1
544-64-1935,B,Mandalay,Member,Female,Home and lifestyle,82.92,10,41.46,870.66,01/04/2019,15:46,Credit card,829.2,4.761905,41.46,5.3
578-40-3160,A,Yangon,Normal,Female,Food and beverages,51.72,10,25.86,543.06,03/08/2019,14:10,Cash,517.2,4.761905,25.86,8.3
380-56-5403,A,Yangon,Normal,Female,Health and beauty,99.89,9,44.9505,943.9605,03/15/2019,16:02,Credit card,899.01,4.761905,44.9505,5.8
550-11-8642,C,Naypyitaw,Normal,Male,Health and beauty,37.62,6,11.286,237.006,01/23/2019,17:29,Ewallet,225.72,4.761905,11.286,9.0
664-50-2049,A,Yangon,Normal,Female,Fashion accessories,85.99,4,17.198,361.158,03/16/2019,11:17,Credit card,343.96,4.761905,17.198,6.5
771-16-4812,B,Mandalay,Member,Female,Home and lifestyle,33.36,8,13.344,280.224,03/22/2019,12:09,Credit card,266.88,4.761905,13.344,4.8
162-43-5217,A,Yangon,Member,Male,Fashion accessories,55.6,8,22.24,467.04,01/06/2019,18:45,Ewallet,444.8,4.761905,22.24,7.5
342-36-6337,A,Yangon,Normal,Male,Food and beverages,31.12,2,3.112,65.352,02/26/2019,11:32,Ewallet,62.24,4.761905,3.112,4.5
443-62-7139,C,Naypyitaw,Normal,Female,Health and beauty,67.77,5,16.9425,355.7925,02/11/2019,19:50,Cash,338.85,4.761905,16.9425,4.9
316-50-9368,B,Mandalay,Normal,Male,Electronic accessories,43.15,5,10.7875,226.5375,03/17/2019,10:06,Credit card,215.75,4.761905,10.7875,9.6
180-19-4679,C,Naypyitaw,Normal,Male,Sports and travel,84.77,1,4.2385,89.0085,01/20/2019,16:48,Credit card,84.77,4.761905,4.2385,7.9
375-34-5801,C,Naypyitaw,Normal,Male,Food and beverages,81.84,10,40.92,859.32,03/09/2019,18:28,Cash,818.4,4.761905,40.92,6.8
519-56-2305,A,Yangon,Normal,Male,Home and lifestyle,30.78,6,9.234,193.914,01/15/2019,13:28,Credit card,184.68,4.761905,9.234,8.5
650-41-7678,B,Mandalay,Member,Female,Fashion accessories,53.57,4,10.714,224.994,02/23/2019,13:36,Ewallet,214.28,4.761905,10.714,6.7
606-90-4245,C,Naypyitaw,Member,Female,Home and lifestyle,40.74,2,4.074,85.554,02/23/2019,18:09,Credit card,81.48,4.761905,4.074,4.5
953-65-1392,A,Yangon,Normal,Male,Electronic accessories,20.87,5,5.2175,109.5675,03/02/2019,11:08,Ewallet,104.35,4.761905,5.2175,8.6
813-81-4955,C,Naypyitaw,Member,Male,Electronic accessories,56.34,9,25.353,532.413,02/24/2019,15:08,Cash,507.06,4.761905,25.353,9.5
175-55-8354,C,Naypyitaw,Normal,Male,Home and lifestyle,90.77,6,27.231,571.851,03/20/2019,11:46,Ewallet,544.62,4.761905,27.231,7.5
107-85-7060,B,Mandalay,Normal,Female,Home and lifestyle,78.19,3,11.7285,246.2985,03/17/2019,18:05,Ewallet,234.57,4.761905,11.7285,8.4
605-53-1791,C,Naypyitaw,Normal,Female,Home and lifestyle,49.47,9,22.2615,467.4915,02/05/2019,11:14,Cash,445.23,4.761905,22.2615,8.3
384-83-6150,C,Naypyitaw,Normal,Female,Home and lifestyle,44.57,3,6.6855,140.3955,01/06/2019,13:27,Credit card,133.71,4.761905,6.6855,9.7
720-23-4795,A,Yangon,Normal,Female,Electronic accessories,20.67,5,5.1675,108.5175,01/29/2019,12:18,Cash,103.35,4.761905,5.1675,6.9
652-78-4197,C,Naypyitaw,Normal,Male,Health and beauty,28.62,9,12.879,270.459,01/04/2019,19:57,Ewallet,257.58,4.761905,12.879,8.5
402-24-2965,A,Yangon,Normal,Male,Home and lifestyle,28.28,10,14.14,296.94,02/26/2019,18:08,Cash,282.8,4.761905,14.14,6.6
862-38-2218,B,Mandalay,Normal,Female,Home and lifestyle,17.82,3,2.673,56.133,03/27/2019,11:22,Ewallet,53.46,4.761905,2.673,10.0
543-22-9540,B,Mandalay,Member,Female,Home and lifestyle,50.81,9,22.8645,480.1545,01/10/2019,15:57,Ewallet,457.29,4.761905,22.8645,8.0
371-70-3481,B,Mandalay,Member,Male,Fashion accessories,66.46,4,13.292,279.132,02/18/2019,13:43,Ewallet,265.84,4.761905,13.292,4.8
602-81-4416,B,Mandalay,Member,Female,Home and lifestyle,21.86,2,2.186,45.906,01/28/2019,10:27,Ewallet,43.72,4.761905,2.186,9.7
595-77-3950,C,Naypyitaw,Member,Male,Sports and travel,71.92,10,35.96,755.16,03/16/2019,13:40,Cash,719.2,4.761905,35.96,6.3
324-24-5706,B,Mandalay,Member,Female,Fashion accessories,53.66,7,18.781,394.401,03/11/2019,17:18,Ewallet,375.62,4.761905,18.781,7.6
813-60-3098,B,Mandalay,Normal,Female,Electronic accessories,69.62,2,6.962,146.202,02/10/2019,20:07,Cash,139.24,4.761905,6.962,5.1
890-51-5286,B,Mandalay,Normal,Female,Fashion accessories,31.14,5,7.785,163.485,01/28/2019,16:03,Credit card,155.7,4.761905,7.785,5.6
324-53-1747,C,Naypyitaw,Normal,Female,Sports and travel,82.81,7,28.9835,608.6535,01/07/2019,14:31,Credit card,579.67,4.761905,28.9835,6.4
437-26-9843,B,Mandalay,Normal,Female,Electronic accessories,61.53,3,9.2295,193.8195,03/22/2019,11:39,Credit card,184.59,4.761905,9.2295,7.2
631-36-6932,A,Yangon,Member,Female,Health and beauty,80.24,6,24.072,505.512,03/12/2019,11:41,Ewallet,481.44,4.761905,24.072,9.5
320-80-5074,C,Naypyitaw,Member,Male,Food and beverages,45.6,4,9.12,191.52,01/21/2019,15:21,Cash,182.4,4.761905,9.12,5.7
124-39-5051,A,Yangon,Member,Male,Food and beverages,19.23,7,6.7305,141.3405,01/06/2019,12:18,Cash,134.61,4.761905,6.7305,8.7
616-63-1330,A,Yangon,Normal,Male,Sports and travel,68.97,3,10.3455,217.2555,02/04/2019,11:04,Ewallet,206.91,4.761905,10.3455,8.9
535-75-1383,A,Yangon,Member,Male,Fashion accessories,62.94,7,22.029,462.609,03/19/2019,14:50,Cash,440.58,4.761905,22.029,5.2
516-81-5563,B,Mandalay,Normal,Female,Electronic accessories,18.97,10,9.485,199.185,02/07/2019,16:05,Ewallet,189.7,4.761905,9.485,6.8
563-38-1407,B,Mandalay,Normal,Male,Sports and travel,11.55,8,4.62,97.02,02/17/2019,18:45,Ewallet,92.4,4.761905,4.62,8.4
185-22-3773,B,Mandalay,Member,Female,Home and lifestyle,52.91,2,5.291,111.111,02/12/2019,12:51,Credit card,105.82,4.761905,5.291,7.9
160-73-5129,A,Yangon,Normal,Male,Health and beauty,22.72,10,11.36,238.56,03/08/2019,19:48,Ewallet,227.2,4.761905,11.36,9.0
873-81-9007,B,Mandalay,Normal,Female,Electronic accessories,13.29,10,6.645,139.545,01/01/2019,14:44,Ewallet,132.9,4.761905,6.645,7.6
850-20-2721,C,Naypyitaw,Normal,Female,Fashion accessories,31.22,8,12.488,262.248,03/07/2019,18:54,Credit card,249.76,4.761905,12.488,8.3
990-24-1639,B,Mandalay,Member,Female,Electronic accessories,78.12,3,11.718,246.078,01/16/2019,12:12,Cash,234.36,4.761905,11.718,7.1
403-25-8134,B,Mandalay,Normal,Male,Fashion accessories,82.28,8,32.912,691.152,03/12/2019,16:25,Ewallet,658.24,4.761905,32.912,4.8
309-88-7082,B,Mandalay,Normal,Female,Food and beverages,90.06,10,45.03,945.63,01/19/2019,14:33,Credit card,900.6,4.761905,45.03,7.9
949-70-1160,C,Naypyitaw,Normal,Female,Sports and travel,28.96,6,8.688,182.448,01/18/2019,12:33,Credit card,173.76,4.761905,8.688,9.6
650-68-6423,B,Mandalay,Normal,Male,Electronic accessories,52.34,1,2.617,54.957,01/25/2019,13:44,Ewallet,52.34,4.761905,2.617,5.9
297-45-5656,A,Yangon,Member,Female,Food and beverages,24.08,6,7.224,151.704,01/29/2019,15:40,Ewallet,144.48,4.761905,7.224,7.8
706-29-2687,B,Mandalay,Normal,Female,Food and beverages,79.03,5,19.7575,414.9075,03/24/2019,20:12,Ewallet,395.15,4.761905,19.7575,7.4
438-83-5542,C,Naypyitaw,Member,Female,Electronic accessories,33.66,2,3.366,70.686,03/08/2019,19:41,Cash,67.32,4.761905,3.366,4.8
268-70-1004,C,Naypyitaw,Normal,Male,Electronic accessories,10.24,4,2.048,43.008,01/12/2019,19:09,Ewallet,40.96,4.761905,2.048,9.9
878-25-4944,B,Mandalay,Member,Male,Electronic accessories,56.05,8,22.42,470.82,03/02/2019,15:19,Credit card,448.4,4.761905,22.42,6.6
719-37-3721,C,Naypyitaw,Normal,Female,Sports and travel,73.56,6,22.068,463.428,03/08/2019,15:33,Ewallet,441.36,4.761905,22.068,5.9
545-93-6704,C,Naypyitaw,Normal,Male,Sports and travel,60.44,8,24.176,507.696,02/02/2019,20:07,Credit card,483.52,4.761905,24.176,8.2
491-57-3932,A,Yangon,Member,Female,Sports and travel,79.37,6,23.811,500.031,01/28/2019,19:35,Ewallet,476.22,4.761905,23.811,8.4
359-74-1212,C,Naypyitaw,Member,Male,Sports and travel,42.49,4,8.498,178.458,02/09/2019,15:06,Cash,169.96,4.761905,8.498,4.0
158-83-1498,C,Naypyitaw,Normal,Male,Fashion accessories,34.75,8,13.9,291.9,03/31/2019,14:17,Credit card,278.0,4.761905,13.9,6.4
830-29-3898,C,Naypyitaw,Normal,Female,Sports and travel,25.64,9,11.538,242.298,01/05/2019,15:01,Credit card,230.76,4.761905,11.538,8.8
770-88-1273,A,Yangon,Member,Female,Health and beauty,15.04,1,0.752,15.792,03/11/2019,14:54,Ewallet,15.04,4.761905,0.752,5.9
785-17-2064,B,Mandalay,Normal,Male,Food and beverages,74.99,6,22.497,472.437,03/27/2019,16:26,Credit card,449.94,4.761905,22.497,7.1
750-10-6098,A,Yangon,Member,Female,Health and beauty,25.53,1,1.2765,26.8065,01/26/2019,18:26,Ewallet,25.53,4.761905,1.2765,5.7
286-21-4041,B,Mandalay,Normal,Male,Home and lifestyle,51.96,2,5.196,109.116,03/01/2019,11:07,Ewallet,103.92,4.761905,5.196,7.4
757-34-3174,B,Mandalay,Member,Male,Health and beauty,29.58,6,8.874,186.354,02/01/2019,14:53,Credit card,177.48,4.761905,8.874,6.8
379-35-3901,B,Mandalay,Member,Female,Fashion accessories,35.84,5,8.96,188.16,02/10/2019,16:14,Ewallet,179.2,4.761905,8.96,4.8
949-90-3793,B,Mandalay,Normal,Female,Home and lifestyle,18.32,6,5.496,115.416,02/14/2019,20:33,Cash,109.92,4.761905,5.496,7.5
816-74-5406,A,Yangon,Normal,Male,Food and beverages,61.18,7,21.413,449.673,03/29/2019,14:13,Cash,428.26,4.761905,21.413,6.1
586-27-8655,A,Yangon,Member,Female,Electronic accessories,52.09,1,2.6045,54.6945,03/08/2019,20:40,Ewallet,52.09,4.761905,2.6045,9.5
990-11-3600,C,Naypyitaw,Normal,Female,Food and beverages,44.01,10,22.005,462.105,02/11/2019,11:40,Cash,440.1,4.761905,22.005,9.4
659-33-1356,B,Mandalay,Normal,Female,Home and lifestyle,68.31,2,6.831,143.451,02/15/2019,14:10,Cash,136.62,4.761905,6.831,5.1
794-61-5918,B,Mandalay,Normal,Female,Fashion accessories,45.94,4,9.188,192.948,02/17/2019,19:21,Cash,183.76,4.761905,9.188,5.5
624-31-5924,A,Yangon,Member,Male,Sports and travel,48.33,5,12.0825,253.7325,02/21/2019,19:01,Ewallet,241.65,4.761905,12.0825,9.7
569-60-3708,C,Naypyitaw,Member,Male,Electronic accessories,69.71,1,3.4855,73.1955,02/09/2019,12:51,Cash,69.71,4.761905,3.4855,9.8
